{"packages":[],"notify":"https://packagist.org/downloads/%package%","notify-batch":"https://packagist.org/downloads/","providers-url":"/p/%package%$%hash%.json","search":"https://packagist.org/search.json?q=%query%&type=%type%","provider-includes":{"p/provider-2013$%hash%.json":{"sha256":"d27cd1aa6c7201cfe13c2133f98499487407365cdab2d9abbbb28fd917589eaf"},"p/provider-2014$%hash%.json":{"sha256":"91a419bb060657cdf924f0c602c54348673f757f2d063e57c9965e989f3a8217"},"p/provider-2015$%hash%.json":{"sha256":"f61a00167d4e86a28ef327c9c8fb79ac7f253357e8818c04c507835d4f47cfa9"},"p/provider-2016$%hash%.json":{"sha256":"c1e7b390de4f72f290293e2f1d307b77b58b19afcac3eb0b3691ebd58f28cbdc"},"p/provider-2017$%hash%.json":{"sha256":"ed37770e2e89456b0cc03c814e8319cc748d24a38c216101ff78b40b4f82c7cf"},"p/provider-2018-01$%hash%.json":{"sha256":"d8fdccb810ad33e92a973f4ba3663d1813fa56abcfea23077aa530b682eca3ac"},"p/provider-2018-04$%hash%.json":{"sha256":"b4b6d67c40e39a790af8366696b27ec5a0d5f0d51fbc83771ad21654d85aeb17"},"p/provider-2018-07$%hash%.json":{"sha256":"1db06d2420e7cd4bce1309412487f939aef2e7295b5c606cccd6a4f9b6cdc934"},"p/provider-archived$%hash%.json":{"sha256":"79980e0526611fbad299bd32460e941abb4f2e9e9fabde199f5f4bfa939f1763"},"p/provider-latest$%hash%.json":{"sha256":"85ff29266ba369660f9c55f184e6989d84126606d279d12ee64f620e7fac0916"}}}