{"packages":{"sebastian/code-unit-reverse-lookup":{"1.0.0":{"name":"sebastian/code-unit-reverse-lookup","description":"Looks up which function or method a line of code belongs to","keywords":[],"homepage":"https://github.com/sebastianbergmann/code-unit-reverse-lookup/","version":"1.0.0","version_normalized":"1.0.0.0","license":["BSD-3-Clause"],"authors":[{"name":"Sebastian Bergmann","email":"sebastian@phpunit.de"}],"source":{"type":"git","url":"https://github.com/sebastianbergmann/code-unit-reverse-lookup.git","reference":"c36f5e7cfce482fde5bf8d10d41a53591e0198fe"},"dist":{"type":"zip","url":"https://api.github.com/repos/sebastianbergmann/code-unit-reverse-lookup/zipball/c36f5e7cfce482fde5bf8d10d41a53591e0198fe","reference":"c36f5e7cfce482fde5bf8d10d41a53591e0198fe","shasum":""},"type":"library","time":"2016-02-13T06:45:14+00:00","autoload":{"classmap":["src/"]},"extra":{"branch-alias":{"dev-master":"1.0.x-dev"}},"require":{"php":">=5.6"},"require-dev":{"phpunit/phpunit":"~5"},"uid":695441},"1.0.1":{"name":"sebastian/code-unit-reverse-lookup","description":"Looks up which function or method a line of code belongs to","keywords":[],"homepage":"https://github.com/sebastianbergmann/code-unit-reverse-lookup/","version":"1.0.1","version_normalized":"1.0.1.0","license":["BSD-3-Clause"],"authors":[{"name":"Sebastian Bergmann","email":"sebastian@phpunit.de"}],"source":{"type":"git","url":"https://github.com/sebastianbergmann/code-unit-reverse-lookup.git","reference":"4419fcdb5eabb9caa61a27c7a1db532a6b55dd18"},"dist":{"type":"zip","url":"https://api.github.com/repos/sebastianbergmann/code-unit-reverse-lookup/zipball/4419fcdb5eabb9caa61a27c7a1db532a6b55dd18","reference":"4419fcdb5eabb9caa61a27c7a1db532a6b55dd18","shasum":""},"type":"library","time":"2017-03-04T06:30:41+00:00","autoload":{"classmap":["src/"]},"extra":{"branch-alias":{"dev-master":"1.0.x-dev"}},"require":{"php":"^5.6 || ^7.0"},"require-dev":{"phpunit/phpunit":"^5.7 || ^6.0"},"uid":1264161},"dev-master":{"name":"sebastian/code-unit-reverse-lookup","description":"Looks up which function or method a line of code belongs to","keywords":[],"homepage":"https://github.com/sebastianbergmann/code-unit-reverse-lookup/","version":"dev-master","version_normalized":"9999999-dev","license":["BSD-3-Clause"],"authors":[{"name":"Sebastian Bergmann","email":"sebastian@phpunit.de"}],"source":{"type":"git","url":"https://github.com/sebastianbergmann/code-unit-reverse-lookup.git","reference":"22f5f5ff892d51035dd1fb4cd6b224a640ffb206"},"dist":{"type":"zip","url":"https://api.github.com/repos/sebastianbergmann/code-unit-reverse-lookup/zipball/22f5f5ff892d51035dd1fb4cd6b224a640ffb206","reference":"22f5f5ff892d51035dd1fb4cd6b224a640ffb206","shasum":""},"type":"library","time":"2018-05-15T05:52:48+00:00","autoload":{"classmap":["src/"]},"extra":{"branch-alias":{"dev-master":"1.0.x-dev"}},"require":{"php":"^5.6 || ^7.0"},"require-dev":{"phpunit/phpunit":"^5.7 || ^6.0"},"uid":689528}}}}