{"packages":{"kenjis/ci-phpunit-test":{"v0.10.0":{"name":"kenjis/ci-phpunit-test","description":"An easier way to use PHPUnit with CodeIgniter 3.0","keywords":["phpunit","test","unit testing","codeigniter","monkey patch"],"homepage":"http://kenjis.github.io/ci-phpunit-test/","version":"v0.10.0","version_normalized":"0.10.0.0","license":["MIT"],"authors":[{"name":"Kenji Suzuki","homepage":"https://github.com/kenjis"}],"source":{"type":"git","url":"https://github.com/kenjis/ci-phpunit-test.git","reference":"a82d7f8b5aa843c1b9c38394a604035a46e85de7"},"dist":{"type":"zip","url":"https://api.github.com/repos/kenjis/ci-phpunit-test/zipball/a82d7f8b5aa843c1b9c38394a604035a46e85de7","reference":"a82d7f8b5aa843c1b9c38394a604035a46e85de7","shasum":""},"type":"library","time":"2015-11-27T01:52:17+00:00","extra":{"branch-alias":{"dev-master":"1.0.x-dev"}},"require":{"php":">=5.4.0"},"replace":{"nikic/php-parser":"1.4.1"},"uid":599607},"v0.10.1":{"name":"kenjis/ci-phpunit-test","description":"An easier way to use PHPUnit with CodeIgniter 3.0","keywords":["phpunit","test","unit testing","codeigniter","monkey patch"],"homepage":"http://kenjis.github.io/ci-phpunit-test/","version":"v0.10.1","version_normalized":"0.10.1.0","license":["MIT"],"authors":[{"name":"Kenji Suzuki","homepage":"https://github.com/kenjis"}],"source":{"type":"git","url":"https://github.com/kenjis/ci-phpunit-test.git","reference":"65007d9a93dcfb39fbb813da2630e0b0a0813683"},"dist":{"type":"zip","url":"https://api.github.com/repos/kenjis/ci-phpunit-test/zipball/65007d9a93dcfb39fbb813da2630e0b0a0813683","reference":"65007d9a93dcfb39fbb813da2630e0b0a0813683","shasum":""},"type":"library","time":"2015-12-31T09:40:26+00:00","extra":{"branch-alias":{"dev-master":"1.0.x-dev"}},"require":{"php":">=5.4.0"},"replace":{"nikic/php-parser":"1.4.1"},"uid":640171},"v0.11.0":{"name":"kenjis/ci-phpunit-test","description":"An easier way to use PHPUnit with CodeIgniter 3.0","keywords":["phpunit","test","unit testing","codeigniter","monkey patch"],"homepage":"http://kenjis.github.io/ci-phpunit-test/","version":"v0.11.0","version_normalized":"0.11.0.0","license":["MIT"],"authors":[{"name":"Kenji Suzuki","homepage":"https://github.com/kenjis"}],"source":{"type":"git","url":"https://github.com/kenjis/ci-phpunit-test.git","reference":"e203543dfe3fd5b63eeb44b85f4a67467b343210"},"dist":{"type":"zip","url":"https://api.github.com/repos/kenjis/ci-phpunit-test/zipball/e203543dfe3fd5b63eeb44b85f4a67467b343210","reference":"e203543dfe3fd5b63eeb44b85f4a67467b343210","shasum":""},"type":"library","time":"2016-01-20T11:13:15+00:00","extra":{"branch-alias":{"dev-master":"1.0.x-dev"}},"require":{"php":">=5.4.0"},"replace":{"nikic/php-parser":"2.0.0"},"uid":664964},"v0.11.1":{"name":"kenjis/ci-phpunit-test","description":"An easier way to use PHPUnit with CodeIgniter 3.0","keywords":["phpunit","test","unit testing","codeigniter","monkey patch"],"homepage":"http://kenjis.github.io/ci-phpunit-test/","version":"v0.11.1","version_normalized":"0.11.1.0","license":["MIT"],"authors":[{"name":"Kenji Suzuki","homepage":"https://github.com/kenjis"}],"source":{"type":"git","url":"https://github.com/kenjis/ci-phpunit-test.git","reference":"61500cc8fcd8123df302f58d8cb90d0a7d8cb3ae"},"dist":{"type":"zip","url":"https://api.github.com/repos/kenjis/ci-phpunit-test/zipball/61500cc8fcd8123df302f58d8cb90d0a7d8cb3ae","reference":"61500cc8fcd8123df302f58d8cb90d0a7d8cb3ae","shasum":""},"type":"library","time":"2016-02-22T02:25:31+00:00","extra":{"branch-alias":{"dev-master":"1.0.x-dev"}},"require":{"php":">=5.4.0"},"replace":{"nikic/php-parser":"2.0.0"},"uid":707579},"v0.11.2":{"name":"kenjis/ci-phpunit-test","description":"An easier way to use PHPUnit with CodeIgniter 3.0","keywords":["phpunit","test","unit testing","codeigniter","monkey patch"],"homepage":"http://kenjis.github.io/ci-phpunit-test/","version":"v0.11.2","version_normalized":"0.11.2.0","license":["MIT"],"authors":[{"name":"Kenji Suzuki","homepage":"https://github.com/kenjis"}],"source":{"type":"git","url":"https://github.com/kenjis/ci-phpunit-test.git","reference":"77398923ee9e35e59f64600ec00c76c24afecb85"},"dist":{"type":"zip","url":"https://api.github.com/repos/kenjis/ci-phpunit-test/zipball/77398923ee9e35e59f64600ec00c76c24afecb85","reference":"77398923ee9e35e59f64600ec00c76c24afecb85","shasum":""},"type":"library","time":"2016-03-17T10:21:10+00:00","extra":{"branch-alias":{"dev-master":"1.0.x-dev"}},"require":{"php":">=5.4.0"},"replace":{"nikic/php-parser":"2.0.0"},"uid":740759},"v0.11.3":{"name":"kenjis/ci-phpunit-test","description":"An easier way to use PHPUnit with CodeIgniter 3.0","keywords":["phpunit","test","unit testing","codeigniter","monkey patch"],"homepage":"http://kenjis.github.io/ci-phpunit-test/","version":"v0.11.3","version_normalized":"0.11.3.0","license":["MIT"],"authors":[{"name":"Kenji Suzuki","homepage":"https://github.com/kenjis"}],"source":{"type":"git","url":"https://github.com/kenjis/ci-phpunit-test.git","reference":"d71c4b5158518217bfc2afe101c1ef2fa2efa3f5"},"dist":{"type":"zip","url":"https://api.github.com/repos/kenjis/ci-phpunit-test/zipball/d71c4b5158518217bfc2afe101c1ef2fa2efa3f5","reference":"d71c4b5158518217bfc2afe101c1ef2fa2efa3f5","shasum":""},"type":"library","time":"2016-03-25T10:14:36+00:00","extra":{"branch-alias":{"dev-master":"1.0.x-dev"}},"require":{"php":">=5.4.0"},"replace":{"nikic/php-parser":"2.0.0"},"uid":751441},"v0.12.0":{"name":"kenjis/ci-phpunit-test","description":"An easier way to use PHPUnit with CodeIgniter 3.0","keywords":["phpunit","test","unit testing","codeigniter","monkey patch"],"homepage":"http://kenjis.github.io/ci-phpunit-test/","version":"v0.12.0","version_normalized":"0.12.0.0","license":["MIT"],"authors":[{"name":"Kenji Suzuki","homepage":"https://github.com/kenjis"}],"source":{"type":"git","url":"https://github.com/kenjis/ci-phpunit-test.git","reference":"4508377230d95254615df14c4b9b43c6b60b5554"},"dist":{"type":"zip","url":"https://api.github.com/repos/kenjis/ci-phpunit-test/zipball/4508377230d95254615df14c4b9b43c6b60b5554","reference":"4508377230d95254615df14c4b9b43c6b60b5554","shasum":""},"type":"library","time":"2016-04-17T08:37:26+00:00","extra":{"branch-alias":{"dev-master":"1.0.x-dev"}},"require":{"php":">=5.4.0"},"replace":{"nikic/php-parser":"2.0.1"},"uid":781804},"v0.12.1":{"name":"kenjis/ci-phpunit-test","description":"An easier way to use PHPUnit with CodeIgniter 3.0","keywords":["phpunit","test","unit testing","codeigniter","monkey patch"],"homepage":"http://kenjis.github.io/ci-phpunit-test/","version":"v0.12.1","version_normalized":"0.12.1.0","license":["MIT"],"authors":[{"name":"Kenji Suzuki","homepage":"https://github.com/kenjis"}],"source":{"type":"git","url":"https://github.com/kenjis/ci-phpunit-test.git","reference":"00447300447a43b1da84de73125737d34ff3b360"},"dist":{"type":"zip","url":"https://api.github.com/repos/kenjis/ci-phpunit-test/zipball/00447300447a43b1da84de73125737d34ff3b360","reference":"00447300447a43b1da84de73125737d34ff3b360","shasum":""},"type":"library","time":"2016-06-11T09:06:08+00:00","extra":{"branch-alias":{"dev-master":"1.0.x-dev"}},"require":{"php":">=5.4.0"},"replace":{"nikic/php-parser":"2.0.1"},"uid":858491},"v0.12.2":{"name":"kenjis/ci-phpunit-test","description":"An easier way to use PHPUnit with CodeIgniter 3.0","keywords":["phpunit","test","unit testing","codeigniter","monkey patch"],"homepage":"http://kenjis.github.io/ci-phpunit-test/","version":"v0.12.2","version_normalized":"0.12.2.0","license":["MIT"],"authors":[{"name":"Kenji Suzuki","homepage":"https://github.com/kenjis"}],"source":{"type":"git","url":"https://github.com/kenjis/ci-phpunit-test.git","reference":"a7c1fff7b413a328aedd6a466e7b8412cbbc11fa"},"dist":{"type":"zip","url":"https://api.github.com/repos/kenjis/ci-phpunit-test/zipball/a7c1fff7b413a328aedd6a466e7b8412cbbc11fa","reference":"a7c1fff7b413a328aedd6a466e7b8412cbbc11fa","shasum":""},"type":"library","time":"2016-07-23T13:14:37+00:00","extra":{"branch-alias":{"dev-master":"1.0.x-dev"}},"require":{"php":">=5.4.0"},"replace":{"nikic/php-parser":"2.1.0"},"uid":917382},"v0.13.0":{"name":"kenjis/ci-phpunit-test","description":"An easier way to use PHPUnit with CodeIgniter 3.x","keywords":["phpunit","test","unit testing","codeigniter","monkey patch"],"homepage":"http://kenjis.github.io/ci-phpunit-test/","version":"v0.13.0","version_normalized":"0.13.0.0","license":["MIT"],"authors":[{"name":"Kenji Suzuki","homepage":"https://github.com/kenjis"}],"source":{"type":"git","url":"https://github.com/kenjis/ci-phpunit-test.git","reference":"5536b66461ac124df8146a5736923d4b094beff6"},"dist":{"type":"zip","url":"https://api.github.com/repos/kenjis/ci-phpunit-test/zipball/5536b66461ac124df8146a5736923d4b094beff6","reference":"5536b66461ac124df8146a5736923d4b094beff6","shasum":""},"type":"library","time":"2016-11-20T12:00:54+00:00","extra":{"branch-alias":{"dev-master":"1.0.x-dev"}},"require":{"php":">=5.4.0"},"replace":{"nikic/php-parser":"2.1.0"},"uid":1089451},"v0.7.0":{"name":"kenjis/ci-phpunit-test","description":"An easier way to use PHPUnit with CodeIgniter 3.0","keywords":["phpunit","test","unit testing","codeigniter"],"homepage":"http://kenjis.github.io/ci-phpunit-test/","version":"v0.7.0","version_normalized":"0.7.0.0","license":["MIT"],"authors":[{"name":"Kenji Suzuki","homepage":"https://github.com/kenjis/ci-phpunit-test"}],"source":{"type":"git","url":"https://github.com/kenjis/ci-phpunit-test.git","reference":"b29c4f6b3f5b920d0ce3e480e8f9896f702e02d7"},"dist":{"type":"zip","url":"https://api.github.com/repos/kenjis/ci-phpunit-test/zipball/b29c4f6b3f5b920d0ce3e480e8f9896f702e02d7","reference":"b29c4f6b3f5b920d0ce3e480e8f9896f702e02d7","shasum":""},"type":"library","time":"2015-09-09T09:50:45+00:00","extra":{"branch-alias":{"dev-master":"1.0.x-dev"}},"require":{"php":">=5.4.0"},"replace":{"nikic/php-parser":"1.4.0"},"uid":516249},"v0.8.0":{"name":"kenjis/ci-phpunit-test","description":"An easier way to use PHPUnit with CodeIgniter 3.0","keywords":["phpunit","test","unit testing","codeigniter"],"homepage":"http://kenjis.github.io/ci-phpunit-test/","version":"v0.8.0","version_normalized":"0.8.0.0","license":["MIT"],"authors":[{"name":"Kenji Suzuki","homepage":"https://github.com/kenjis/ci-phpunit-test"}],"source":{"type":"git","url":"https://github.com/kenjis/ci-phpunit-test.git","reference":"17f3b53bbbaf3e331329cf0bfa2c30cc8adb8c42"},"dist":{"type":"zip","url":"https://api.github.com/repos/kenjis/ci-phpunit-test/zipball/17f3b53bbbaf3e331329cf0bfa2c30cc8adb8c42","reference":"17f3b53bbbaf3e331329cf0bfa2c30cc8adb8c42","shasum":""},"type":"library","time":"2015-09-28T01:44:59+00:00","extra":{"branch-alias":{"dev-master":"1.0.x-dev"}},"require":{"php":">=5.4.0"},"replace":{"nikic/php-parser":"1.4.0"},"uid":534488},"v0.8.1":{"name":"kenjis/ci-phpunit-test","description":"An easier way to use PHPUnit with CodeIgniter 3.0","keywords":["phpunit","test","unit testing","codeigniter"],"homepage":"http://kenjis.github.io/ci-phpunit-test/","version":"v0.8.1","version_normalized":"0.8.1.0","license":["MIT"],"authors":[{"name":"Kenji Suzuki","homepage":"https://github.com/kenjis/ci-phpunit-test"}],"source":{"type":"git","url":"https://github.com/kenjis/ci-phpunit-test.git","reference":"55c504dd16bf614b6087b2423523ada86269db0d"},"dist":{"type":"zip","url":"https://api.github.com/repos/kenjis/ci-phpunit-test/zipball/55c504dd16bf614b6087b2423523ada86269db0d","reference":"55c504dd16bf614b6087b2423523ada86269db0d","shasum":""},"type":"library","time":"2015-10-01T10:10:54+00:00","extra":{"branch-alias":{"dev-master":"1.0.x-dev"}},"require":{"php":">=5.4.0"},"replace":{"nikic/php-parser":"1.4.0"},"uid":538075},"v0.8.2":{"name":"kenjis/ci-phpunit-test","description":"An easier way to use PHPUnit with CodeIgniter 3.0","keywords":["phpunit","test","unit testing","codeigniter"],"homepage":"http://kenjis.github.io/ci-phpunit-test/","version":"v0.8.2","version_normalized":"0.8.2.0","license":["MIT"],"authors":[{"name":"Kenji Suzuki","homepage":"https://github.com/kenjis"}],"source":{"type":"git","url":"https://github.com/kenjis/ci-phpunit-test.git","reference":"e1a73e006cf1216be04b41850136d0fc93a0cf36"},"dist":{"type":"zip","url":"https://api.github.com/repos/kenjis/ci-phpunit-test/zipball/e1a73e006cf1216be04b41850136d0fc93a0cf36","reference":"e1a73e006cf1216be04b41850136d0fc93a0cf36","shasum":""},"type":"library","time":"2015-10-09T00:29:40+00:00","extra":{"branch-alias":{"dev-master":"1.0.x-dev"}},"require":{"php":">=5.4.0"},"replace":{"nikic/php-parser":"1.4.1"},"uid":545600},"v0.9.0":{"name":"kenjis/ci-phpunit-test","description":"An easier way to use PHPUnit with CodeIgniter 3.0","keywords":["phpunit","test","unit testing","codeigniter"],"homepage":"http://kenjis.github.io/ci-phpunit-test/","version":"v0.9.0","version_normalized":"0.9.0.0","license":["MIT"],"authors":[{"name":"Kenji Suzuki","homepage":"https://github.com/kenjis"}],"source":{"type":"git","url":"https://github.com/kenjis/ci-phpunit-test.git","reference":"7692a39bf6a53418062f765a1cb4da7ad3f406ec"},"dist":{"type":"zip","url":"https://api.github.com/repos/kenjis/ci-phpunit-test/zipball/7692a39bf6a53418062f765a1cb4da7ad3f406ec","reference":"7692a39bf6a53418062f765a1cb4da7ad3f406ec","shasum":""},"type":"library","time":"2015-11-18T10:07:59+00:00","extra":{"branch-alias":{"dev-master":"1.0.x-dev"}},"require":{"php":">=5.4.0"},"replace":{"nikic/php-parser":"1.4.1"},"uid":589953},"v0.9.1":{"name":"kenjis/ci-phpunit-test","description":"An easier way to use PHPUnit with CodeIgniter 3.0","keywords":["phpunit","test","unit testing","codeigniter"],"homepage":"http://kenjis.github.io/ci-phpunit-test/","version":"v0.9.1","version_normalized":"0.9.1.0","license":["MIT"],"authors":[{"name":"Kenji Suzuki","homepage":"https://github.com/kenjis"}],"source":{"type":"git","url":"https://github.com/kenjis/ci-phpunit-test.git","reference":"d94bda460cb33472c345c378ad35a384ef8c2e96"},"dist":{"type":"zip","url":"https://api.github.com/repos/kenjis/ci-phpunit-test/zipball/d94bda460cb33472c345c378ad35a384ef8c2e96","reference":"d94bda460cb33472c345c378ad35a384ef8c2e96","shasum":""},"type":"library","time":"2015-11-21T23:20:48+00:00","extra":{"branch-alias":{"dev-master":"1.0.x-dev"}},"require":{"php":">=5.4.0"},"replace":{"nikic/php-parser":"1.4.1"},"uid":593896}},"nikic/php-parser":{"0.9.x-dev":{"name":"nikic/php-parser","description":"A PHP parser written in PHP","keywords":["php","parser"],"homepage":"","version":"0.9.x-dev","version_normalized":"0.9.9999999.9999999-dev","license":["BSD-3-Clause"],"authors":[{"name":"Nikita Popov"}],"source":{"type":"git","url":"https://github.com/nikic/PHP-Parser.git","reference":"ef70767475434bdb3615b43c327e2cae17ef12eb"},"dist":{"type":"zip","url":"https://api.github.com/repos/nikic/PHP-Parser/zipball/ef70767475434bdb3615b43c327e2cae17ef12eb","reference":"ef70767475434bdb3615b43c327e2cae17ef12eb","shasum":""},"type":"library","time":"2014-07-23T18:24:17+00:00","autoload":{"psr-0":{"PHPParser":"lib/"}},"extra":{"branch-alias":{"dev-master":"0.9-dev"}},"require":{"php":">=5.2","ext-tokenizer":"*"},"uid":130438},"1.x-dev":{"name":"nikic/php-parser","description":"A PHP parser written in PHP","keywords":["php","parser"],"homepage":"","version":"1.x-dev","version_normalized":"1.9999999.9999999.9999999-dev","license":["BSD-3-Clause"],"authors":[{"name":"Nikita Popov"}],"source":{"type":"git","url":"https://github.com/nikic/PHP-Parser.git","reference":"c4bbc8e236a1f21b2b17cfbf3d46aa6ece69b9f7"},"dist":{"type":"zip","url":"https://api.github.com/repos/nikic/PHP-Parser/zipball/c4bbc8e236a1f21b2b17cfbf3d46aa6ece69b9f7","reference":"c4bbc8e236a1f21b2b17cfbf3d46aa6ece69b9f7","shasum":""},"type":"library","time":"2016-01-15T21:03:42+00:00","autoload":{"files":["lib/bootstrap.php"]},"extra":{"branch-alias":{"dev-master":"1.4-dev"}},"require":{"php":">=5.3","ext-tokenizer":"*"},"uid":396641},"2.x-dev":{"name":"nikic/php-parser","description":"A PHP parser written in PHP","keywords":["php","parser"],"homepage":"","version":"2.x-dev","version_normalized":"2.9999999.9999999.9999999-dev","license":["BSD-3-Clause"],"authors":[{"name":"Nikita Popov"}],"source":{"type":"git","url":"https://github.com/nikic/PHP-Parser.git","reference":"4dd659edadffdc2143e4753df655d866dbfeedf0"},"dist":{"type":"zip","url":"https://api.github.com/repos/nikic/PHP-Parser/zipball/4dd659edadffdc2143e4753df655d866dbfeedf0","reference":"4dd659edadffdc2143e4753df655d866dbfeedf0","shasum":""},"type":"library","time":"2016-09-16T12:04:44+00:00","autoload":{"psr-4":{"PhpParser\\":"lib/PhpParser"}},"extra":{"branch-alias":{"dev-master":"2.1-dev"}},"bin":["bin/php-parse"],"require":{"php":">=5.4","ext-tokenizer":"*"},"require-dev":{"phpunit/phpunit":"~4.0"},"uid":890389},"3.x-dev":{"name":"nikic/php-parser","description":"A PHP parser written in PHP","keywords":["php","parser"],"homepage":"","version":"3.x-dev","version_normalized":"3.9999999.9999999.9999999-dev","license":["BSD-3-Clause"],"authors":[{"name":"Nikita Popov"}],"source":{"type":"git","url":"https://github.com/nikic/PHP-Parser.git","reference":"bb87e28e7d7b8d9a7fda231d37457c9210faf6ce"},"dist":{"type":"zip","url":"https://api.github.com/repos/nikic/PHP-Parser/zipball/bb87e28e7d7b8d9a7fda231d37457c9210faf6ce","reference":"bb87e28e7d7b8d9a7fda231d37457c9210faf6ce","shasum":""},"type":"library","time":"2018-02-28T20:30:58+00:00","autoload":{"psr-4":{"PhpParser\\":"lib/PhpParser"}},"extra":{"branch-alias":{"dev-master":"3.0-dev"}},"bin":["bin/php-parse"],"require":{"php":">=5.5","ext-tokenizer":"*"},"require-dev":{"phpunit/phpunit":"~4.0|~5.0"},"uid":1183303},"dev-attributes":{"name":"nikic/php-parser","description":"A PHP parser written in PHP","keywords":["php","parser"],"homepage":"","version":"dev-attributes","version_normalized":"dev-attributes","license":["BSD-3-Clause"],"authors":[{"name":"Nikita Popov"}],"source":{"type":"git","url":"https://github.com/nikic/PHP-Parser.git","reference":"91f77968c275e13a956dded1ec864f52de72db14"},"dist":{"type":"zip","url":"https://api.github.com/repos/nikic/PHP-Parser/zipball/91f77968c275e13a956dded1ec864f52de72db14","reference":"91f77968c275e13a956dded1ec864f52de72db14","shasum":""},"type":"library","time":"2016-10-19T21:38:12+00:00","autoload":{"psr-4":{"PhpParser\\":"lib/PhpParser"}},"extra":{"branch-alias":{"dev-master":"3.0-dev"}},"bin":["bin/php-parse"],"require":{"php":">=5.5","ext-tokenizer":"*"},"require-dev":{"phpunit/phpunit":"~4.0|~5.0"},"uid":1044846},"dev-master":{"name":"nikic/php-parser","description":"A PHP parser written in PHP","keywords":["php","parser"],"homepage":"","version":"dev-master","version_normalized":"9999999-dev","license":["BSD-3-Clause"],"authors":[{"name":"Nikita Popov"}],"source":{"type":"git","url":"https://github.com/nikic/PHP-Parser.git","reference":"d0230c5c77a7e3cfa69446febf340978540958c0"},"dist":{"type":"zip","url":"https://api.github.com/repos/nikic/PHP-Parser/zipball/d0230c5c77a7e3cfa69446febf340978540958c0","reference":"d0230c5c77a7e3cfa69446febf340978540958c0","shasum":""},"type":"library","time":"2018-10-10T09:24:14+00:00","autoload":{"psr-4":{"PhpParser\\":"lib/PhpParser"}},"extra":{"branch-alias":{"dev-master":"4.1-dev"}},"bin":["bin/php-parse"],"require":{"ext-tokenizer":"*","php":">=7.0"},"require-dev":{"phpunit/phpunit":"^6.5 || ^7.0"},"uid":5909},"dev-nameString":{"name":"nikic/php-parser","description":"A PHP parser written in PHP","keywords":["php","parser"],"homepage":"","version":"dev-nameString","version_normalized":"dev-nameString","license":["BSD-3-Clause"],"authors":[{"name":"Nikita Popov"}],"source":{"type":"git","url":"https://github.com/nikic/PHP-Parser.git","reference":"9b0b3df80b6d914865a5607e37258439bd096768"},"dist":{"type":"zip","url":"https://api.github.com/repos/nikic/PHP-Parser/zipball/9b0b3df80b6d914865a5607e37258439bd096768","reference":"9b0b3df80b6d914865a5607e37258439bd096768","shasum":""},"type":"library","time":"2016-10-22T10:48:23+00:00","autoload":{"psr-4":{"PhpParser\\":"lib/PhpParser"}},"extra":{"branch-alias":{"dev-master":"3.0-dev"}},"bin":["bin/php-parse"],"require":{"php":">=5.5","ext-tokenizer":"*"},"require-dev":{"phpunit/phpunit":"~4.0|~5.0"},"uid":1048355},"v0.9.0":{"name":"nikic/php-parser","description":"A PHP parser written in PHP","keywords":["php","parser"],"homepage":"","version":"v0.9.0","version_normalized":"0.9.0.0","license":["BSD"],"authors":[{"name":"Nikita Popov"}],"source":{"type":"git","url":"https://github.com/nikic/PHP-Parser.git","reference":"6bec127e14ada9e99fb53db6c45ffac39ad8674a"},"dist":{"type":"zip","url":"https://api.github.com/repos/nikic/PHP-Parser/zipball/6bec127e14ada9e99fb53db6c45ffac39ad8674a","reference":"6bec127e14ada9e99fb53db6c45ffac39ad8674a","shasum":""},"type":"library","time":"2012-01-05T11:14:35+00:00","autoload":{"psr-0":{"PHPParser":"lib/"}},"require":{"php":">=5.2"},"uid":5908},"v0.9.1":{"name":"nikic/php-parser","description":"A PHP parser written in PHP","keywords":["php","parser"],"homepage":"","version":"v0.9.1","version_normalized":"0.9.1.0","license":["BSD"],"authors":[{"name":"Nikita Popov"}],"source":{"type":"git","url":"https://github.com/nikic/PHP-Parser.git","reference":"b1cc9ce676b4350b23d0fafc8244d08eee2fe287"},"dist":{"type":"zip","url":"https://api.github.com/repos/nikic/PHP-Parser/zipball/b1cc9ce676b4350b23d0fafc8244d08eee2fe287","reference":"b1cc9ce676b4350b23d0fafc8244d08eee2fe287","shasum":""},"type":"library","time":"2012-04-23T22:52:11+00:00","autoload":{"psr-0":{"PHPParser":"lib/"}},"require":{"php":">=5.2"},"uid":11086},"v0.9.2":{"name":"nikic/php-parser","description":"A PHP parser written in PHP","keywords":["php","parser"],"homepage":"","version":"v0.9.2","version_normalized":"0.9.2.0","license":["BSD"],"authors":[{"name":"Nikita Popov"}],"source":{"type":"git","url":"https://github.com/nikic/PHP-Parser.git","reference":"a81cccff7f968ff6a78b5764e345db26d978f4a4"},"dist":{"type":"zip","url":"https://api.github.com/repos/nikic/PHP-Parser/zipball/a81cccff7f968ff6a78b5764e345db26d978f4a4","reference":"a81cccff7f968ff6a78b5764e345db26d978f4a4","shasum":""},"type":"library","time":"2012-07-07T20:23:25+00:00","autoload":{"psr-0":{"PHPParser":"lib/"}},"require":{"php":">=5.2"},"uid":14664},"v0.9.3":{"name":"nikic/php-parser","description":"A PHP parser written in PHP","keywords":["php","parser"],"homepage":"","version":"v0.9.3","version_normalized":"0.9.3.0","license":["BSD-3-Clause"],"authors":[{"name":"Nikita Popov"}],"source":{"type":"git","url":"https://github.com/nikic/PHP-Parser.git","reference":"98ebfc8d545979636fa438f51921fdbec433f0f9"},"dist":{"type":"zip","url":"https://api.github.com/repos/nikic/PHP-Parser/zipball/98ebfc8d545979636fa438f51921fdbec433f0f9","reference":"98ebfc8d545979636fa438f51921fdbec433f0f9","shasum":""},"type":"library","time":"2012-11-22T18:54:05+00:00","autoload":{"psr-0":{"PHPParser":"lib/"}},"require":{"php":">=5.2"},"uid":26174},"v0.9.4":{"name":"nikic/php-parser","description":"A PHP parser written in PHP","keywords":["php","parser"],"homepage":"","version":"v0.9.4","version_normalized":"0.9.4.0","license":["BSD-3-Clause"],"authors":[{"name":"Nikita Popov"}],"source":{"type":"git","url":"https://github.com/nikic/PHP-Parser.git","reference":"1e5e280ae88a27effa2ae4aa2bd088494ed8594f"},"dist":{"type":"zip","url":"https://api.github.com/repos/nikic/PHP-Parser/zipball/1e5e280ae88a27effa2ae4aa2bd088494ed8594f","reference":"1e5e280ae88a27effa2ae4aa2bd088494ed8594f","shasum":""},"type":"library","time":"2013-08-25T17:11:40+00:00","autoload":{"psr-0":{"PHPParser":"lib/"}},"extra":{"branch-alias":{"dev-master":"0.9-dev"}},"require":{"php":">=5.2"},"uid":79529},"v0.9.5":{"name":"nikic/php-parser","description":"A PHP parser written in PHP","keywords":["php","parser"],"homepage":"","version":"v0.9.5","version_normalized":"0.9.5.0","license":["BSD-3-Clause"],"authors":[{"name":"Nikita Popov"}],"source":{"type":"git","url":"https://github.com/nikic/PHP-Parser.git","reference":"ef70767475434bdb3615b43c327e2cae17ef12eb"},"dist":{"type":"zip","url":"https://api.github.com/repos/nikic/PHP-Parser/zipball/ef70767475434bdb3615b43c327e2cae17ef12eb","reference":"ef70767475434bdb3615b43c327e2cae17ef12eb","shasum":""},"type":"library","time":"2014-07-23T18:24:17+00:00","autoload":{"psr-0":{"PHPParser":"lib/"}},"extra":{"branch-alias":{"dev-master":"0.9-dev"}},"require":{"php":">=5.2","ext-tokenizer":"*"},"uid":206119},"v1.0.0":{"name":"nikic/php-parser","description":"A PHP parser written in PHP","keywords":["php","parser"],"homepage":"","version":"v1.0.0","version_normalized":"1.0.0.0","license":["BSD-3-Clause"],"authors":[{"name":"Nikita Popov"}],"source":{"type":"git","url":"https://github.com/nikic/PHP-Parser.git","reference":"2b96ab8edccd5a0d0e7a826a7dc53c421ae64f94"},"dist":{"type":"zip","url":"https://api.github.com/repos/nikic/PHP-Parser/zipball/2b96ab8edccd5a0d0e7a826a7dc53c421ae64f94","reference":"2b96ab8edccd5a0d0e7a826a7dc53c421ae64f94","shasum":""},"type":"library","time":"2014-09-12T12:48:23+00:00","autoload":{"files":["lib/bootstrap.php"]},"extra":{"branch-alias":{"dev-master":"1.0-dev"}},"require":{"php":">=5.3","ext-tokenizer":"*"},"uid":233860},"v1.0.0beta1":{"name":"nikic/php-parser","description":"A PHP parser written in PHP","keywords":["php","parser"],"homepage":"","version":"v1.0.0beta1","version_normalized":"1.0.0.0-beta1","license":["BSD-3-Clause"],"authors":[{"name":"Nikita Popov"}],"source":{"type":"git","url":"https://github.com/nikic/PHP-Parser.git","reference":"a6d46c17b10d89f35a92fa4b8fb5071615bfb36c"},"dist":{"type":"zip","url":"https://api.github.com/repos/nikic/PHP-Parser/zipball/a6d46c17b10d89f35a92fa4b8fb5071615bfb36c","reference":"a6d46c17b10d89f35a92fa4b8fb5071615bfb36c","shasum":""},"type":"library","time":"2014-03-27T13:12:13+00:00","autoload":{"files":["lib/bootstrap.php"]},"extra":{"branch-alias":{"dev-master":"1.0-dev"}},"require":{"php":">=5.3","ext-tokenizer":"*"},"uid":151010},"v1.0.0beta2":{"name":"nikic/php-parser","description":"A PHP parser written in PHP","keywords":["php","parser"],"homepage":"","version":"v1.0.0beta2","version_normalized":"1.0.0.0-beta2","license":["BSD-3-Clause"],"authors":[{"name":"Nikita Popov"}],"source":{"type":"git","url":"https://github.com/nikic/PHP-Parser.git","reference":"b31f36bf89b0ddf009725c269a28362ddd83e956"},"dist":{"type":"zip","url":"https://api.github.com/repos/nikic/PHP-Parser/zipball/b31f36bf89b0ddf009725c269a28362ddd83e956","reference":"b31f36bf89b0ddf009725c269a28362ddd83e956","shasum":""},"type":"library","time":"2014-08-31T14:54:25+00:00","autoload":{"files":["lib/bootstrap.php"]},"extra":{"branch-alias":{"dev-master":"1.0-dev"}},"require":{"php":">=5.3","ext-tokenizer":"*"},"uid":226856},"v1.0.1":{"name":"nikic/php-parser","description":"A PHP parser written in PHP","keywords":["php","parser"],"homepage":"","version":"v1.0.1","version_normalized":"1.0.1.0","license":["BSD-3-Clause"],"authors":[{"name":"Nikita Popov"}],"source":{"type":"git","url":"https://github.com/nikic/PHP-Parser.git","reference":"b9a60372f26356feb85b4b9ca50a395a5f0d7f34"},"dist":{"type":"zip","url":"https://api.github.com/repos/nikic/PHP-Parser/zipball/b9a60372f26356feb85b4b9ca50a395a5f0d7f34","reference":"b9a60372f26356feb85b4b9ca50a395a5f0d7f34","shasum":""},"type":"library","time":"2014-10-14T19:40:07+00:00","autoload":{"files":["lib/bootstrap.php"]},"extra":{"branch-alias":{"dev-master":"1.0-dev"}},"require":{"php":">=5.3","ext-tokenizer":"*"},"uid":250715},"v1.0.2":{"name":"nikic/php-parser","description":"A PHP parser written in PHP","keywords":["php","parser"],"homepage":"","version":"v1.0.2","version_normalized":"1.0.2.0","license":["BSD-3-Clause"],"authors":[{"name":"Nikita Popov"}],"source":{"type":"git","url":"https://github.com/nikic/PHP-Parser.git","reference":"a8ffc6fcfcbae268656c8acf1298e378ac1ee5f1"},"dist":{"type":"zip","url":"https://api.github.com/repos/nikic/PHP-Parser/zipball/a8ffc6fcfcbae268656c8acf1298e378ac1ee5f1","reference":"a8ffc6fcfcbae268656c8acf1298e378ac1ee5f1","shasum":""},"type":"library","time":"2014-11-04T22:12:46+00:00","autoload":{"files":["lib/bootstrap.php"]},"extra":{"branch-alias":{"dev-master":"1.0-dev"}},"require":{"php":">=5.3","ext-tokenizer":"*"},"uid":263379},"v1.1.0":{"name":"nikic/php-parser","description":"A PHP parser written in PHP","keywords":["php","parser"],"homepage":"","version":"v1.1.0","version_normalized":"1.1.0.0","license":["BSD-3-Clause"],"authors":[{"name":"Nikita Popov"}],"source":{"type":"git","url":"https://github.com/nikic/PHP-Parser.git","reference":"ac05ef6f95bf8361549604b6031c115f92f39528"},"dist":{"type":"zip","url":"https://api.github.com/repos/nikic/PHP-Parser/zipball/ac05ef6f95bf8361549604b6031c115f92f39528","reference":"ac05ef6f95bf8361549604b6031c115f92f39528","shasum":""},"type":"library","time":"2015-01-18T11:29:59+00:00","autoload":{"files":["lib/bootstrap.php"]},"extra":{"branch-alias":{"dev-master":"1.0-dev"}},"require":{"php":">=5.3","ext-tokenizer":"*"},"uid":308698},"v1.2.0":{"name":"nikic/php-parser","description":"A PHP parser written in PHP","keywords":["php","parser"],"homepage":"","version":"v1.2.0","version_normalized":"1.2.0.0","license":["BSD-3-Clause"],"authors":[{"name":"Nikita Popov"}],"source":{"type":"git","url":"https://github.com/nikic/PHP-Parser.git","reference":"edbf162e4cf116102d95eb635608b7d310cc01c6"},"dist":{"type":"zip","url":"https://api.github.com/repos/nikic/PHP-Parser/zipball/edbf162e4cf116102d95eb635608b7d310cc01c6","reference":"edbf162e4cf116102d95eb635608b7d310cc01c6","shasum":""},"type":"library","time":"2015-03-22T16:17:25+00:00","autoload":{"files":["lib/bootstrap.php"]},"extra":{"branch-alias":{"dev-master":"1.2-dev"}},"require":{"php":">=5.3","ext-tokenizer":"*"},"uid":363182},"v1.2.1":{"name":"nikic/php-parser","description":"A PHP parser written in PHP","keywords":["php","parser"],"homepage":"","version":"v1.2.1","version_normalized":"1.2.1.0","license":["BSD-3-Clause"],"authors":[{"name":"Nikita Popov"}],"source":{"type":"git","url":"https://github.com/nikic/PHP-Parser.git","reference":"dba7524b3724f25b947cd26a580787c55c8a6f9b"},"dist":{"type":"zip","url":"https://api.github.com/repos/nikic/PHP-Parser/zipball/dba7524b3724f25b947cd26a580787c55c8a6f9b","reference":"dba7524b3724f25b947cd26a580787c55c8a6f9b","shasum":""},"type":"library","time":"2015-03-24T19:10:28+00:00","autoload":{"files":["lib/bootstrap.php"]},"extra":{"branch-alias":{"dev-master":"1.2-dev"}},"require":{"php":">=5.3","ext-tokenizer":"*"},"uid":365053},"v1.2.2":{"name":"nikic/php-parser","description":"A PHP parser written in PHP","keywords":["php","parser"],"homepage":"","version":"v1.2.2","version_normalized":"1.2.2.0","license":["BSD-3-Clause"],"authors":[{"name":"Nikita Popov"}],"source":{"type":"git","url":"https://github.com/nikic/PHP-Parser.git","reference":"08f97eb4efa029e2fafb6d8c98b71731bf0cf621"},"dist":{"type":"zip","url":"https://api.github.com/repos/nikic/PHP-Parser/zipball/08f97eb4efa029e2fafb6d8c98b71731bf0cf621","reference":"08f97eb4efa029e2fafb6d8c98b71731bf0cf621","shasum":""},"type":"library","time":"2015-04-03T14:33:59+00:00","autoload":{"files":["lib/bootstrap.php"]},"extra":{"branch-alias":{"dev-master":"1.2-dev"}},"require":{"php":">=5.3","ext-tokenizer":"*"},"uid":373596},"v1.3.0":{"name":"nikic/php-parser","description":"A PHP parser written in PHP","keywords":["php","parser"],"homepage":"","version":"v1.3.0","version_normalized":"1.3.0.0","license":["BSD-3-Clause"],"authors":[{"name":"Nikita Popov"}],"source":{"type":"git","url":"https://github.com/nikic/PHP-Parser.git","reference":"dff239267fd1befa1cd40430c9ed12591aa720ca"},"dist":{"type":"zip","url":"https://api.github.com/repos/nikic/PHP-Parser/zipball/dff239267fd1befa1cd40430c9ed12591aa720ca","reference":"dff239267fd1befa1cd40430c9ed12591aa720ca","shasum":""},"type":"library","time":"2015-05-02T15:40:40+00:00","autoload":{"files":["lib/bootstrap.php"]},"extra":{"branch-alias":{"dev-master":"1.3-dev"}},"require":{"php":">=5.3","ext-tokenizer":"*"},"uid":396534},"v1.4.0":{"name":"nikic/php-parser","description":"A PHP parser written in PHP","keywords":["php","parser"],"homepage":"","version":"v1.4.0","version_normalized":"1.4.0.0","license":["BSD-3-Clause"],"authors":[{"name":"Nikita Popov"}],"source":{"type":"git","url":"https://github.com/nikic/PHP-Parser.git","reference":"196f177cfefa0f1f7166c0a05d8255889be12418"},"dist":{"type":"zip","url":"https://api.github.com/repos/nikic/PHP-Parser/zipball/196f177cfefa0f1f7166c0a05d8255889be12418","reference":"196f177cfefa0f1f7166c0a05d8255889be12418","shasum":""},"type":"library","time":"2015-07-14T17:31:05+00:00","autoload":{"files":["lib/bootstrap.php"]},"extra":{"branch-alias":{"dev-master":"1.4-dev"}},"require":{"php":">=5.3","ext-tokenizer":"*"},"uid":461874},"v1.4.1":{"name":"nikic/php-parser","description":"A PHP parser written in PHP","keywords":["php","parser"],"homepage":"","version":"v1.4.1","version_normalized":"1.4.1.0","license":["BSD-3-Clause"],"authors":[{"name":"Nikita Popov"}],"source":{"type":"git","url":"https://github.com/nikic/PHP-Parser.git","reference":"f78af2c9c86107aa1a34cd1dbb5bbe9eeb0d9f51"},"dist":{"type":"zip","url":"https://api.github.com/repos/nikic/PHP-Parser/zipball/f78af2c9c86107aa1a34cd1dbb5bbe9eeb0d9f51","reference":"f78af2c9c86107aa1a34cd1dbb5bbe9eeb0d9f51","shasum":""},"type":"library","time":"2015-09-19T14:15:08+00:00","autoload":{"files":["lib/bootstrap.php"]},"extra":{"branch-alias":{"dev-master":"1.4-dev"}},"require":{"php":">=5.3","ext-tokenizer":"*"},"uid":526525},"v2.0.0":{"name":"nikic/php-parser","description":"A PHP parser written in PHP","keywords":["php","parser"],"homepage":"","version":"v2.0.0","version_normalized":"2.0.0.0","license":["BSD-3-Clause"],"authors":[{"name":"Nikita Popov"}],"source":{"type":"git","url":"https://github.com/nikic/PHP-Parser.git","reference":"c542e5d86a9775abd1021618eb2430278bfc1e01"},"dist":{"type":"zip","url":"https://api.github.com/repos/nikic/PHP-Parser/zipball/c542e5d86a9775abd1021618eb2430278bfc1e01","reference":"c542e5d86a9775abd1021618eb2430278bfc1e01","shasum":""},"type":"library","time":"2015-12-04T15:28:43+00:00","autoload":{"psr-4":{"PhpParser\\":"lib/PhpParser"}},"extra":{"branch-alias":{"dev-master":"2.0-dev"}},"bin":["bin/php-parse"],"require":{"php":">=5.4","ext-tokenizer":"*"},"require-dev":{"phpunit/phpunit":"~4.0"},"uid":609305},"v2.0.0alpha1":{"name":"nikic/php-parser","description":"A PHP parser written in PHP","keywords":["php","parser"],"homepage":"","version":"v2.0.0alpha1","version_normalized":"2.0.0.0-alpha1","license":["BSD-3-Clause"],"authors":[{"name":"Nikita Popov"}],"source":{"type":"git","url":"https://github.com/nikic/PHP-Parser.git","reference":"e0a75ededaecccee2f083f951f4611ef95f6a562"},"dist":{"type":"zip","url":"https://api.github.com/repos/nikic/PHP-Parser/zipball/e0a75ededaecccee2f083f951f4611ef95f6a562","reference":"e0a75ededaecccee2f083f951f4611ef95f6a562","shasum":""},"type":"library","time":"2015-07-14T19:13:42+00:00","autoload":{"files":["lib/bootstrap.php"]},"extra":{"branch-alias":{"dev-master":"2.0-dev"}},"require":{"php":">=5.4","ext-tokenizer":"*"},"uid":461965},"v2.0.0beta1":{"name":"nikic/php-parser","description":"A PHP parser written in PHP","keywords":["php","parser"],"homepage":"","version":"v2.0.0beta1","version_normalized":"2.0.0.0-beta1","license":["BSD-3-Clause"],"authors":[{"name":"Nikita Popov"}],"source":{"type":"git","url":"https://github.com/nikic/PHP-Parser.git","reference":"33602889c1dbf9087d6b715aa90e95e2a3fc058e"},"dist":{"type":"zip","url":"https://api.github.com/repos/nikic/PHP-Parser/zipball/33602889c1dbf9087d6b715aa90e95e2a3fc058e","reference":"33602889c1dbf9087d6b715aa90e95e2a3fc058e","shasum":""},"type":"library","time":"2015-10-21T18:30:17+00:00","autoload":{"psr-4":{"PhpParser\\":"lib/PhpParser"}},"extra":{"branch-alias":{"dev-master":"2.0-dev"}},"bin":["bin/php-parse"],"require":{"php":">=5.4","ext-tokenizer":"*"},"require-dev":{"phpunit/phpunit":"~4.0"},"uid":558644},"v2.0.1":{"name":"nikic/php-parser","description":"A PHP parser written in PHP","keywords":["php","parser"],"homepage":"","version":"v2.0.1","version_normalized":"2.0.1.0","license":["BSD-3-Clause"],"authors":[{"name":"Nikita Popov"}],"source":{"type":"git","url":"https://github.com/nikic/PHP-Parser.git","reference":"ce5be709d59b32dd8a88c80259028759991a4206"},"dist":{"type":"zip","url":"https://api.github.com/repos/nikic/PHP-Parser/zipball/ce5be709d59b32dd8a88c80259028759991a4206","reference":"ce5be709d59b32dd8a88c80259028759991a4206","shasum":""},"type":"library","time":"2016-02-28T19:48:28+00:00","autoload":{"psr-4":{"PhpParser\\":"lib/PhpParser"}},"extra":{"branch-alias":{"dev-master":"2.0-dev"}},"bin":["bin/php-parse"],"require":{"php":">=5.4","ext-tokenizer":"*"},"require-dev":{"phpunit/phpunit":"~4.0"},"uid":716539},"v2.1.0":{"name":"nikic/php-parser","description":"A PHP parser written in PHP","keywords":["php","parser"],"homepage":"","version":"v2.1.0","version_normalized":"2.1.0.0","license":["BSD-3-Clause"],"authors":[{"name":"Nikita Popov"}],"source":{"type":"git","url":"https://github.com/nikic/PHP-Parser.git","reference":"47b254ea51f1d6d5dc04b9b299e88346bf2369e3"},"dist":{"type":"zip","url":"https://api.github.com/repos/nikic/PHP-Parser/zipball/47b254ea51f1d6d5dc04b9b299e88346bf2369e3","reference":"47b254ea51f1d6d5dc04b9b299e88346bf2369e3","shasum":""},"type":"library","time":"2016-04-19T13:41:41+00:00","autoload":{"psr-4":{"PhpParser\\":"lib/PhpParser"}},"extra":{"branch-alias":{"dev-master":"2.1-dev"}},"bin":["bin/php-parse"],"require":{"php":">=5.4","ext-tokenizer":"*"},"require-dev":{"phpunit/phpunit":"~4.0"},"uid":784674},"v2.1.1":{"name":"nikic/php-parser","description":"A PHP parser written in PHP","keywords":["php","parser"],"homepage":"","version":"v2.1.1","version_normalized":"2.1.1.0","license":["BSD-3-Clause"],"authors":[{"name":"Nikita Popov"}],"source":{"type":"git","url":"https://github.com/nikic/PHP-Parser.git","reference":"4dd659edadffdc2143e4753df655d866dbfeedf0"},"dist":{"type":"zip","url":"https://api.github.com/repos/nikic/PHP-Parser/zipball/4dd659edadffdc2143e4753df655d866dbfeedf0","reference":"4dd659edadffdc2143e4753df655d866dbfeedf0","shasum":""},"type":"library","time":"2016-09-16T12:04:44+00:00","autoload":{"psr-4":{"PhpParser\\":"lib/PhpParser"}},"extra":{"branch-alias":{"dev-master":"2.1-dev"}},"bin":["bin/php-parse"],"require":{"php":">=5.4","ext-tokenizer":"*"},"require-dev":{"phpunit/phpunit":"~4.0"},"uid":996543},"v3.0.0":{"name":"nikic/php-parser","description":"A PHP parser written in PHP","keywords":["php","parser"],"homepage":"","version":"v3.0.0","version_normalized":"3.0.0.0","license":["BSD-3-Clause"],"authors":[{"name":"Nikita Popov"}],"source":{"type":"git","url":"https://github.com/nikic/PHP-Parser.git","reference":"68973aed1e023948d30dd12460aeb429f6d59329"},"dist":{"type":"zip","url":"https://api.github.com/repos/nikic/PHP-Parser/zipball/68973aed1e023948d30dd12460aeb429f6d59329","reference":"68973aed1e023948d30dd12460aeb429f6d59329","shasum":""},"type":"library","time":"2016-11-30T18:20:29+00:00","autoload":{"psr-4":{"PhpParser\\":"lib/PhpParser"}},"extra":{"branch-alias":{"dev-master":"3.0-dev"}},"bin":["bin/php-parse"],"require":{"php":">=5.5","ext-tokenizer":"*"},"require-dev":{"phpunit/phpunit":"~4.0|~5.0"},"uid":1106618},"v3.0.0alpha1":{"name":"nikic/php-parser","description":"A PHP parser written in PHP","keywords":["php","parser"],"homepage":"","version":"v3.0.0alpha1","version_normalized":"3.0.0.0-alpha1","license":["BSD-3-Clause"],"authors":[{"name":"Nikita Popov"}],"source":{"type":"git","url":"https://github.com/nikic/PHP-Parser.git","reference":"21b18eb2945aa4b887b98a11f0ef7d5fe24527fc"},"dist":{"type":"zip","url":"https://api.github.com/repos/nikic/PHP-Parser/zipball/21b18eb2945aa4b887b98a11f0ef7d5fe24527fc","reference":"21b18eb2945aa4b887b98a11f0ef7d5fe24527fc","shasum":""},"type":"library","time":"2016-07-25T13:16:35+00:00","autoload":{"psr-4":{"PhpParser\\":"lib/PhpParser"}},"extra":{"branch-alias":{"dev-master":"3.0-dev"}},"bin":["bin/php-parse"],"require":{"php":">=5.5","ext-tokenizer":"*"},"require-dev":{"phpunit/phpunit":"~4.0"},"uid":918956},"v3.0.0beta1":{"name":"nikic/php-parser","description":"A PHP parser written in PHP","keywords":["php","parser"],"homepage":"","version":"v3.0.0beta1","version_normalized":"3.0.0.0-beta1","license":["BSD-3-Clause"],"authors":[{"name":"Nikita Popov"}],"source":{"type":"git","url":"https://github.com/nikic/PHP-Parser.git","reference":"f5d334d9bff79bfe75c5fcb30c03e5a383b2b660"},"dist":{"type":"zip","url":"https://api.github.com/repos/nikic/PHP-Parser/zipball/f5d334d9bff79bfe75c5fcb30c03e5a383b2b660","reference":"f5d334d9bff79bfe75c5fcb30c03e5a383b2b660","shasum":""},"type":"library","time":"2016-09-16T12:18:19+00:00","autoload":{"psr-4":{"PhpParser\\":"lib/PhpParser"}},"extra":{"branch-alias":{"dev-master":"3.0-dev"}},"bin":["bin/php-parse"],"require":{"php":">=5.5","ext-tokenizer":"*"},"require-dev":{"phpunit/phpunit":"~4.0"},"uid":996560},"v3.0.0beta2":{"name":"nikic/php-parser","description":"A PHP parser written in PHP","keywords":["php","parser"],"homepage":"","version":"v3.0.0beta2","version_normalized":"3.0.0.0-beta2","license":["BSD-3-Clause"],"authors":[{"name":"Nikita Popov"}],"source":{"type":"git","url":"https://github.com/nikic/PHP-Parser.git","reference":"6db8d9d5a5e60ebbe49e35b56853e7f910bff09a"},"dist":{"type":"zip","url":"https://api.github.com/repos/nikic/PHP-Parser/zipball/6db8d9d5a5e60ebbe49e35b56853e7f910bff09a","reference":"6db8d9d5a5e60ebbe49e35b56853e7f910bff09a","shasum":""},"type":"library","time":"2016-10-29T11:39:27+00:00","autoload":{"psr-4":{"PhpParser\\":"lib/PhpParser"}},"extra":{"branch-alias":{"dev-master":"3.0-dev"}},"bin":["bin/php-parse"],"require":{"php":">=5.5","ext-tokenizer":"*"},"require-dev":{"phpunit/phpunit":"~4.0|~5.0"},"uid":1058533},"v3.0.1":{"name":"nikic/php-parser","description":"A PHP parser written in PHP","keywords":["php","parser"],"homepage":"","version":"v3.0.1","version_normalized":"3.0.1.0","license":["BSD-3-Clause"],"authors":[{"name":"Nikita Popov"}],"source":{"type":"git","url":"https://github.com/nikic/PHP-Parser.git","reference":"aa6aec90e11a7a4e7d44129c7cb5422ffd15939e"},"dist":{"type":"zip","url":"https://api.github.com/repos/nikic/PHP-Parser/zipball/aa6aec90e11a7a4e7d44129c7cb5422ffd15939e","reference":"aa6aec90e11a7a4e7d44129c7cb5422ffd15939e","shasum":""},"type":"library","time":"2016-12-01T12:37:30+00:00","autoload":{"psr-4":{"PhpParser\\":"lib/PhpParser"}},"extra":{"branch-alias":{"dev-master":"3.0-dev"}},"bin":["bin/php-parse"],"require":{"php":">=5.5","ext-tokenizer":"*"},"require-dev":{"phpunit/phpunit":"~4.0|~5.0"},"uid":1107663},"v3.0.2":{"name":"nikic/php-parser","description":"A PHP parser written in PHP","keywords":["php","parser"],"homepage":"","version":"v3.0.2","version_normalized":"3.0.2.0","license":["BSD-3-Clause"],"authors":[{"name":"Nikita Popov"}],"source":{"type":"git","url":"https://github.com/nikic/PHP-Parser.git","reference":"adf44419c0fc014a0f191db6f89d3e55d4211744"},"dist":{"type":"zip","url":"https://api.github.com/repos/nikic/PHP-Parser/zipball/adf44419c0fc014a0f191db6f89d3e55d4211744","reference":"adf44419c0fc014a0f191db6f89d3e55d4211744","shasum":""},"type":"library","time":"2016-12-06T11:30:35+00:00","autoload":{"psr-4":{"PhpParser\\":"lib/PhpParser"}},"extra":{"branch-alias":{"dev-master":"3.0-dev"}},"bin":["bin/php-parse"],"require":{"php":">=5.5","ext-tokenizer":"*"},"require-dev":{"phpunit/phpunit":"~4.0|~5.0"},"uid":1114469},"v3.0.3":{"name":"nikic/php-parser","description":"A PHP parser written in PHP","keywords":["php","parser"],"homepage":"","version":"v3.0.3","version_normalized":"3.0.3.0","license":["BSD-3-Clause"],"authors":[{"name":"Nikita Popov"}],"source":{"type":"git","url":"https://github.com/nikic/PHP-Parser.git","reference":"5b8182cc0abb4b0ff290ba9df6c0e1323286013a"},"dist":{"type":"zip","url":"https://api.github.com/repos/nikic/PHP-Parser/zipball/5b8182cc0abb4b0ff290ba9df6c0e1323286013a","reference":"5b8182cc0abb4b0ff290ba9df6c0e1323286013a","shasum":""},"type":"library","time":"2017-02-03T21:57:31+00:00","autoload":{"psr-4":{"PhpParser\\":"lib/PhpParser"}},"extra":{"branch-alias":{"dev-master":"3.0-dev"}},"bin":["bin/php-parse"],"require":{"php":">=5.5","ext-tokenizer":"*"},"require-dev":{"phpunit/phpunit":"~4.0|~5.0"},"uid":1212419},"v3.0.4":{"name":"nikic/php-parser","description":"A PHP parser written in PHP","keywords":["php","parser"],"homepage":"","version":"v3.0.4","version_normalized":"3.0.4.0","license":["BSD-3-Clause"],"authors":[{"name":"Nikita Popov"}],"source":{"type":"git","url":"https://github.com/nikic/PHP-Parser.git","reference":"0bf561dfe75ba80441c22adecc0529056671a7d2"},"dist":{"type":"zip","url":"https://api.github.com/repos/nikic/PHP-Parser/zipball/0bf561dfe75ba80441c22adecc0529056671a7d2","reference":"0bf561dfe75ba80441c22adecc0529056671a7d2","shasum":""},"type":"library","time":"2017-02-10T20:20:03+00:00","autoload":{"psr-4":{"PhpParser\\":"lib/PhpParser"}},"extra":{"branch-alias":{"dev-master":"3.0-dev"}},"bin":["bin/php-parse"],"require":{"php":">=5.5","ext-tokenizer":"*"},"require-dev":{"phpunit/phpunit":"~4.0|~5.0"},"uid":1225289},"v3.0.5":{"name":"nikic/php-parser","description":"A PHP parser written in PHP","keywords":["php","parser"],"homepage":"","version":"v3.0.5","version_normalized":"3.0.5.0","license":["BSD-3-Clause"],"authors":[{"name":"Nikita Popov"}],"source":{"type":"git","url":"https://github.com/nikic/PHP-Parser.git","reference":"2b9e2f71b722f7c53918ab0c25f7646c2013f17d"},"dist":{"type":"zip","url":"https://api.github.com/repos/nikic/PHP-Parser/zipball/2b9e2f71b722f7c53918ab0c25f7646c2013f17d","reference":"2b9e2f71b722f7c53918ab0c25f7646c2013f17d","shasum":""},"type":"library","time":"2017-03-05T18:23:57+00:00","autoload":{"psr-4":{"PhpParser\\":"lib/PhpParser"}},"extra":{"branch-alias":{"dev-master":"3.0-dev"}},"bin":["bin/php-parse"],"require":{"php":">=5.5","ext-tokenizer":"*"},"require-dev":{"phpunit/phpunit":"~4.0|~5.0"},"uid":1265796},"v3.0.6":{"name":"nikic/php-parser","description":"A PHP parser written in PHP","keywords":["php","parser"],"homepage":"","version":"v3.0.6","version_normalized":"3.0.6.0","license":["BSD-3-Clause"],"authors":[{"name":"Nikita Popov"}],"source":{"type":"git","url":"https://github.com/nikic/PHP-Parser.git","reference":"0808939f81c1347a3c8a82a5925385a08074b0f1"},"dist":{"type":"zip","url":"https://api.github.com/repos/nikic/PHP-Parser/zipball/0808939f81c1347a3c8a82a5925385a08074b0f1","reference":"0808939f81c1347a3c8a82a5925385a08074b0f1","shasum":""},"type":"library","time":"2017-06-28T20:53:48+00:00","autoload":{"psr-4":{"PhpParser\\":"lib/PhpParser"}},"extra":{"branch-alias":{"dev-master":"3.0-dev"}},"bin":["bin/php-parse"],"require":{"php":">=5.5","ext-tokenizer":"*"},"require-dev":{"phpunit/phpunit":"~4.0|~5.0"},"uid":1470381},"v3.1.0":{"name":"nikic/php-parser","description":"A PHP parser written in PHP","keywords":["php","parser"],"homepage":"","version":"v3.1.0","version_normalized":"3.1.0.0","license":["BSD-3-Clause"],"authors":[{"name":"Nikita Popov"}],"source":{"type":"git","url":"https://github.com/nikic/PHP-Parser.git","reference":"4d4896e553f2094e657fe493506dc37c509d4e2b"},"dist":{"type":"zip","url":"https://api.github.com/repos/nikic/PHP-Parser/zipball/4d4896e553f2094e657fe493506dc37c509d4e2b","reference":"4d4896e553f2094e657fe493506dc37c509d4e2b","shasum":""},"type":"library","time":"2017-07-28T14:45:09+00:00","autoload":{"psr-4":{"PhpParser\\":"lib/PhpParser"}},"extra":{"branch-alias":{"dev-master":"3.0-dev"}},"bin":["bin/php-parse"],"require":{"php":">=5.5","ext-tokenizer":"*"},"require-dev":{"phpunit/phpunit":"~4.0|~5.0"},"uid":1524500},"v3.1.1":{"name":"nikic/php-parser","description":"A PHP parser written in PHP","keywords":["php","parser"],"homepage":"","version":"v3.1.1","version_normalized":"3.1.1.0","license":["BSD-3-Clause"],"authors":[{"name":"Nikita Popov"}],"source":{"type":"git","url":"https://github.com/nikic/PHP-Parser.git","reference":"a1e8e1a30e1352f118feff1a8481066ddc2f234a"},"dist":{"type":"zip","url":"https://api.github.com/repos/nikic/PHP-Parser/zipball/a1e8e1a30e1352f118feff1a8481066ddc2f234a","reference":"a1e8e1a30e1352f118feff1a8481066ddc2f234a","shasum":""},"type":"library","time":"2017-09-02T17:10:46+00:00","autoload":{"psr-4":{"PhpParser\\":"lib/PhpParser"}},"extra":{"branch-alias":{"dev-master":"3.0-dev"}},"bin":["bin/php-parse"],"require":{"php":">=5.5","ext-tokenizer":"*"},"require-dev":{"phpunit/phpunit":"~4.0|~5.0"},"uid":1589120},"v3.1.2":{"name":"nikic/php-parser","description":"A PHP parser written in PHP","keywords":["php","parser"],"homepage":"","version":"v3.1.2","version_normalized":"3.1.2.0","license":["BSD-3-Clause"],"authors":[{"name":"Nikita Popov"}],"source":{"type":"git","url":"https://github.com/nikic/PHP-Parser.git","reference":"08131e7ff29de6bb9f12275c7d35df71f25f4d89"},"dist":{"type":"zip","url":"https://api.github.com/repos/nikic/PHP-Parser/zipball/08131e7ff29de6bb9f12275c7d35df71f25f4d89","reference":"08131e7ff29de6bb9f12275c7d35df71f25f4d89","shasum":""},"type":"library","time":"2017-11-04T11:48:34+00:00","autoload":{"psr-4":{"PhpParser\\":"lib/PhpParser"}},"extra":{"branch-alias":{"dev-master":"3.0-dev"}},"bin":["bin/php-parse"],"require":{"php":">=5.5","ext-tokenizer":"*"},"require-dev":{"phpunit/phpunit":"~4.0|~5.0"},"uid":1704896},"v3.1.3":{"name":"nikic/php-parser","description":"A PHP parser written in PHP","keywords":["php","parser"],"homepage":"","version":"v3.1.3","version_normalized":"3.1.3.0","license":["BSD-3-Clause"],"authors":[{"name":"Nikita Popov"}],"source":{"type":"git","url":"https://github.com/nikic/PHP-Parser.git","reference":"579f4ce846734a1cf55d6a531d00ca07a43e3cda"},"dist":{"type":"zip","url":"https://api.github.com/repos/nikic/PHP-Parser/zipball/579f4ce846734a1cf55d6a531d00ca07a43e3cda","reference":"579f4ce846734a1cf55d6a531d00ca07a43e3cda","shasum":""},"type":"library","time":"2017-12-26T14:43:21+00:00","autoload":{"psr-4":{"PhpParser\\":"lib/PhpParser"}},"extra":{"branch-alias":{"dev-master":"3.0-dev"}},"bin":["bin/php-parse"],"require":{"php":">=5.5","ext-tokenizer":"*"},"require-dev":{"phpunit/phpunit":"~4.0|~5.0"},"uid":1809831},"v3.1.4":{"name":"nikic/php-parser","description":"A PHP parser written in PHP","keywords":["php","parser"],"homepage":"","version":"v3.1.4","version_normalized":"3.1.4.0","license":["BSD-3-Clause"],"authors":[{"name":"Nikita Popov"}],"source":{"type":"git","url":"https://github.com/nikic/PHP-Parser.git","reference":"e57b3a09784f846411aa7ed664eedb73e3399078"},"dist":{"type":"zip","url":"https://api.github.com/repos/nikic/PHP-Parser/zipball/e57b3a09784f846411aa7ed664eedb73e3399078","reference":"e57b3a09784f846411aa7ed664eedb73e3399078","shasum":""},"type":"library","time":"2018-01-25T21:31:33+00:00","autoload":{"psr-4":{"PhpParser\\":"lib/PhpParser"}},"extra":{"branch-alias":{"dev-master":"3.0-dev"}},"bin":["bin/php-parse"],"require":{"php":">=5.5","ext-tokenizer":"*"},"require-dev":{"phpunit/phpunit":"~4.0|~5.0"},"uid":1868687},"v3.1.5":{"name":"nikic/php-parser","description":"A PHP parser written in PHP","keywords":["php","parser"],"homepage":"","version":"v3.1.5","version_normalized":"3.1.5.0","license":["BSD-3-Clause"],"authors":[{"name":"Nikita Popov"}],"source":{"type":"git","url":"https://github.com/nikic/PHP-Parser.git","reference":"bb87e28e7d7b8d9a7fda231d37457c9210faf6ce"},"dist":{"type":"zip","url":"https://api.github.com/repos/nikic/PHP-Parser/zipball/bb87e28e7d7b8d9a7fda231d37457c9210faf6ce","reference":"bb87e28e7d7b8d9a7fda231d37457c9210faf6ce","shasum":""},"type":"library","time":"2018-02-28T20:30:58+00:00","autoload":{"psr-4":{"PhpParser\\":"lib/PhpParser"}},"extra":{"branch-alias":{"dev-master":"3.0-dev"}},"bin":["bin/php-parse"],"require":{"php":">=5.5","ext-tokenizer":"*"},"require-dev":{"phpunit/phpunit":"~4.0|~5.0"},"uid":1948325},"v4.0.0":{"name":"nikic/php-parser","description":"A PHP parser written in PHP","keywords":["php","parser"],"homepage":"","version":"v4.0.0","version_normalized":"4.0.0.0","license":["BSD-3-Clause"],"authors":[{"name":"Nikita Popov"}],"source":{"type":"git","url":"https://github.com/nikic/PHP-Parser.git","reference":"9c18e3db49fa469f5feffe40dbd7b1ec2b61e41f"},"dist":{"type":"zip","url":"https://api.github.com/repos/nikic/PHP-Parser/zipball/9c18e3db49fa469f5feffe40dbd7b1ec2b61e41f","reference":"9c18e3db49fa469f5feffe40dbd7b1ec2b61e41f","shasum":""},"type":"library","time":"2018-02-28T20:39:30+00:00","autoload":{"psr-4":{"PhpParser\\":"lib/PhpParser"}},"extra":{"branch-alias":{"dev-master":"4.0-dev"}},"bin":["bin/php-parse"],"require":{"php":">=7.0","ext-tokenizer":"*"},"require-dev":{"phpunit/phpunit":"^6.5 || ^7.0"},"uid":1948338},"v4.0.0alpha1":{"name":"nikic/php-parser","description":"A PHP parser written in PHP","keywords":["php","parser"],"homepage":"","version":"v4.0.0alpha1","version_normalized":"4.0.0.0-alpha1","license":["BSD-3-Clause"],"authors":[{"name":"Nikita Popov"}],"source":{"type":"git","url":"https://github.com/nikic/PHP-Parser.git","reference":"001f2d3f761779e0ffcc60c6a64548d0d97eee9e"},"dist":{"type":"zip","url":"https://api.github.com/repos/nikic/PHP-Parser/zipball/001f2d3f761779e0ffcc60c6a64548d0d97eee9e","reference":"001f2d3f761779e0ffcc60c6a64548d0d97eee9e","shasum":""},"type":"library","time":"2017-10-18T16:50:17+00:00","autoload":{"psr-4":{"PhpParser\\":"lib/PhpParser"}},"extra":{"branch-alias":{"dev-master":"4.0-dev"}},"bin":["bin/php-parse"],"require":{"php":">=7.0","ext-tokenizer":"*"},"require-dev":{"phpunit/phpunit":"^6"},"uid":1673232},"v4.0.0alpha2":{"name":"nikic/php-parser","description":"A PHP parser written in PHP","keywords":["php","parser"],"homepage":"","version":"v4.0.0alpha2","version_normalized":"4.0.0.0-alpha2","license":["BSD-3-Clause"],"authors":[{"name":"Nikita Popov"}],"source":{"type":"git","url":"https://github.com/nikic/PHP-Parser.git","reference":"a659240dc28d83b207273f7182480cea562d4966"},"dist":{"type":"zip","url":"https://api.github.com/repos/nikic/PHP-Parser/zipball/a659240dc28d83b207273f7182480cea562d4966","reference":"a659240dc28d83b207273f7182480cea562d4966","shasum":""},"type":"library","time":"2017-11-10T22:36:59+00:00","autoload":{"psr-4":{"PhpParser\\":"lib/PhpParser"}},"extra":{"branch-alias":{"dev-master":"4.0-dev"}},"bin":["bin/php-parse"],"require":{"php":">=7.0","ext-tokenizer":"*"},"require-dev":{"phpunit/phpunit":"^6"},"uid":1718600},"v4.0.0alpha3":{"name":"nikic/php-parser","description":"A PHP parser written in PHP","keywords":["php","parser"],"homepage":"","version":"v4.0.0alpha3","version_normalized":"4.0.0.0-alpha3","license":["BSD-3-Clause"],"authors":[{"name":"Nikita Popov"}],"source":{"type":"git","url":"https://github.com/nikic/PHP-Parser.git","reference":"63abf9cb3fa300c690e97badaca3ba2880c21273"},"dist":{"type":"zip","url":"https://api.github.com/repos/nikic/PHP-Parser/zipball/63abf9cb3fa300c690e97badaca3ba2880c21273","reference":"63abf9cb3fa300c690e97badaca3ba2880c21273","shasum":""},"type":"library","time":"2017-12-26T16:29:20+00:00","autoload":{"psr-4":{"PhpParser\\":"lib/PhpParser"}},"extra":{"branch-alias":{"dev-master":"4.0-dev"}},"bin":["bin/php-parse"],"require":{"php":">=7.0","ext-tokenizer":"*"},"require-dev":{"phpunit/phpunit":"^6"},"uid":1809988},"v4.0.0beta1":{"name":"nikic/php-parser","description":"A PHP parser written in PHP","keywords":["php","parser"],"homepage":"","version":"v4.0.0beta1","version_normalized":"4.0.0.0-beta1","license":["BSD-3-Clause"],"authors":[{"name":"Nikita Popov"}],"source":{"type":"git","url":"https://github.com/nikic/PHP-Parser.git","reference":"c18bb27723a60d2e0e346fe691d1aec116009cab"},"dist":{"type":"zip","url":"https://api.github.com/repos/nikic/PHP-Parser/zipball/c18bb27723a60d2e0e346fe691d1aec116009cab","reference":"c18bb27723a60d2e0e346fe691d1aec116009cab","shasum":""},"type":"library","time":"2018-01-27T18:06:36+00:00","autoload":{"psr-4":{"PhpParser\\":"lib/PhpParser"}},"extra":{"branch-alias":{"dev-master":"4.0-dev"}},"bin":["bin/php-parse"],"require":{"php":">=7.0","ext-tokenizer":"*"},"require-dev":{"phpunit/phpunit":"^6"},"uid":1872659},"v4.0.1":{"name":"nikic/php-parser","description":"A PHP parser written in PHP","keywords":["php","parser"],"homepage":"","version":"v4.0.1","version_normalized":"4.0.1.0","license":["BSD-3-Clause"],"authors":[{"name":"Nikita Popov"}],"source":{"type":"git","url":"https://github.com/nikic/PHP-Parser.git","reference":"e4a54fa90a5cd8e8dd3fb4099942681731c5cdd3"},"dist":{"type":"zip","url":"https://api.github.com/repos/nikic/PHP-Parser/zipball/e4a54fa90a5cd8e8dd3fb4099942681731c5cdd3","reference":"e4a54fa90a5cd8e8dd3fb4099942681731c5cdd3","shasum":""},"type":"library","time":"2018-03-25T17:35:16+00:00","autoload":{"psr-4":{"PhpParser\\":"lib/PhpParser"}},"extra":{"branch-alias":{"dev-master":"4.0-dev"}},"bin":["bin/php-parse"],"require":{"php":">=7.0","ext-tokenizer":"*"},"require-dev":{"phpunit/phpunit":"^6.5 || ^7.0"},"uid":2030100},"v4.0.2":{"name":"nikic/php-parser","description":"A PHP parser written in PHP","keywords":["php","parser"],"homepage":"","version":"v4.0.2","version_normalized":"4.0.2.0","license":["BSD-3-Clause"],"authors":[{"name":"Nikita Popov"}],"source":{"type":"git","url":"https://github.com/nikic/PHP-Parser.git","reference":"35b8caf75e791ba1b2d24fec1552168d72692b12"},"dist":{"type":"zip","url":"https://api.github.com/repos/nikic/PHP-Parser/zipball/35b8caf75e791ba1b2d24fec1552168d72692b12","reference":"35b8caf75e791ba1b2d24fec1552168d72692b12","shasum":""},"type":"library","time":"2018-06-03T11:33:10+00:00","autoload":{"psr-4":{"PhpParser\\":"lib/PhpParser"}},"extra":{"branch-alias":{"dev-master":"4.0-dev"}},"bin":["bin/php-parse"],"require":{"php":">=7.0","ext-tokenizer":"*"},"require-dev":{"phpunit/phpunit":"^6.5 || ^7.0"},"uid":2238040},"v4.0.3":{"name":"nikic/php-parser","description":"A PHP parser written in PHP","keywords":["php","parser"],"homepage":"","version":"v4.0.3","version_normalized":"4.0.3.0","license":["BSD-3-Clause"],"authors":[{"name":"Nikita Popov"}],"source":{"type":"git","url":"https://github.com/nikic/PHP-Parser.git","reference":"bd088dc940a418f09cda079a9b5c7c478890fb8d"},"dist":{"type":"zip","url":"https://api.github.com/repos/nikic/PHP-Parser/zipball/bd088dc940a418f09cda079a9b5c7c478890fb8d","reference":"bd088dc940a418f09cda079a9b5c7c478890fb8d","shasum":""},"type":"library","time":"2018-07-15T17:25:16+00:00","autoload":{"psr-4":{"PhpParser\\":"lib/PhpParser"}},"extra":{"branch-alias":{"dev-master":"4.0-dev"}},"bin":["bin/php-parse"],"require":{"php":">=7.0","ext-tokenizer":"*"},"require-dev":{"phpunit/phpunit":"^6.5 || ^7.0"},"uid":2334043},"v4.0.4":{"name":"nikic/php-parser","description":"A PHP parser written in PHP","keywords":["php","parser"],"homepage":"","version":"v4.0.4","version_normalized":"4.0.4.0","license":["BSD-3-Clause"],"authors":[{"name":"Nikita Popov"}],"source":{"type":"git","url":"https://github.com/nikic/PHP-Parser.git","reference":"fa6ee28600d21d49b2b4e1006b48426cec8e579c"},"dist":{"type":"zip","url":"https://api.github.com/repos/nikic/PHP-Parser/zipball/fa6ee28600d21d49b2b4e1006b48426cec8e579c","reference":"fa6ee28600d21d49b2b4e1006b48426cec8e579c","shasum":""},"type":"library","time":"2018-09-18T07:03:24+00:00","autoload":{"psr-4":{"PhpParser\\":"lib/PhpParser"}},"extra":{"branch-alias":{"dev-master":"4.0-dev"}},"bin":["bin/php-parse"],"require":{"php":">=7.0","ext-tokenizer":"*"},"require-dev":{"phpunit/phpunit":"^6.5 || ^7.0"},"uid":2469032},"v4.1.0":{"name":"nikic/php-parser","description":"A PHP parser written in PHP","keywords":["php","parser"],"homepage":"","version":"v4.1.0","version_normalized":"4.1.0.0","license":["BSD-3-Clause"],"authors":[{"name":"Nikita Popov"}],"source":{"type":"git","url":"https://github.com/nikic/PHP-Parser.git","reference":"d0230c5c77a7e3cfa69446febf340978540958c0"},"dist":{"type":"zip","url":"https://api.github.com/repos/nikic/PHP-Parser/zipball/d0230c5c77a7e3cfa69446febf340978540958c0","reference":"d0230c5c77a7e3cfa69446febf340978540958c0","shasum":""},"type":"library","time":"2018-10-10T09:24:14+00:00","autoload":{"psr-4":{"PhpParser\\":"lib/PhpParser"}},"extra":{"branch-alias":{"dev-master":"4.1-dev"}},"bin":["bin/php-parse"],"require":{"php":">=7.0","ext-tokenizer":"*"},"require-dev":{"phpunit/phpunit":"^6.5 || ^7.0"},"uid":2513697}},"phpstan/phpstan-shim":{"0.10":{"name":"phpstan/phpstan-shim","description":"PHPStan Phar distribution","keywords":[],"homepage":"","version":"0.10","version_normalized":"0.10.0.0","license":["MIT"],"authors":[],"source":{"type":"git","url":"https://github.com/phpstan/phpstan-shim.git","reference":"edce66b4eeb153d29fbc200f2091e9b777768b34"},"dist":{"type":"zip","url":"https://api.github.com/repos/phpstan/phpstan-shim/zipball/edce66b4eeb153d29fbc200f2091e9b777768b34","reference":"edce66b4eeb153d29fbc200f2091e9b777768b34","shasum":""},"type":"library","time":"2018-06-24T19:20:40+00:00","extra":{"branch-alias":{"dev-master":"0.10-dev"}},"bin":["phpstan","phpstan.phar"],"require":{"php":"~7.1"},"replace":{"phpstan/phpstan":"self.version","nikic/php-parser":"^4.0.2"},"uid":2285395},"0.10.1":{"name":"phpstan/phpstan-shim","description":"PHPStan Phar distribution","keywords":[],"homepage":"","version":"0.10.1","version_normalized":"0.10.1.0","license":["MIT"],"authors":[],"source":{"type":"git","url":"https://github.com/phpstan/phpstan-shim.git","reference":"48ee97f7c066a5f5253dc399b72d9b6977171830"},"dist":{"type":"zip","url":"https://api.github.com/repos/phpstan/phpstan-shim/zipball/48ee97f7c066a5f5253dc399b72d9b6977171830","reference":"48ee97f7c066a5f5253dc399b72d9b6977171830","shasum":""},"type":"library","time":"2018-07-01T18:53:29+00:00","extra":{"branch-alias":{"dev-master":"0.10-dev"}},"bin":["phpstan","phpstan.phar"],"require":{"php":"~7.1"},"replace":{"phpstan/phpstan":"self.version","nikic/php-parser":"^4.0.2"},"uid":2302752},"0.10.2":{"name":"phpstan/phpstan-shim","description":"PHPStan Phar distribution","keywords":[],"homepage":"","version":"0.10.2","version_normalized":"0.10.2.0","license":["MIT"],"authors":[],"source":{"type":"git","url":"https://github.com/phpstan/phpstan-shim.git","reference":"3bc2bed44b6840d90488440a59e53784145f9be4"},"dist":{"type":"zip","url":"https://api.github.com/repos/phpstan/phpstan-shim/zipball/3bc2bed44b6840d90488440a59e53784145f9be4","reference":"3bc2bed44b6840d90488440a59e53784145f9be4","shasum":""},"type":"library","time":"2018-07-22T19:45:42+00:00","autoload":{"files":["bootstrap.php"]},"extra":{"branch-alias":{"dev-master":"0.10-dev"}},"bin":["phpstan","phpstan.phar"],"require":{"php":"~7.1"},"replace":{"phpstan/phpstan":"self.version","nikic/php-parser":"^4.0.2"},"uid":2350330},"0.10.3":{"name":"phpstan/phpstan-shim","description":"PHPStan Phar distribution","keywords":[],"homepage":"","version":"0.10.3","version_normalized":"0.10.3.0","license":["MIT"],"authors":[],"source":{"type":"git","url":"https://github.com/phpstan/phpstan-shim.git","reference":"1b12b7b684201385c1bd4bdb8e50ff062b33bb5c"},"dist":{"type":"zip","url":"https://api.github.com/repos/phpstan/phpstan-shim/zipball/1b12b7b684201385c1bd4bdb8e50ff062b33bb5c","reference":"1b12b7b684201385c1bd4bdb8e50ff062b33bb5c","shasum":""},"type":"library","time":"2018-08-12T16:21:59+00:00","autoload":{"files":["bootstrap.php"]},"extra":{"branch-alias":{"dev-master":"0.10-dev"}},"bin":["phpstan","phpstan.phar"],"require":{"php":"~7.1"},"replace":{"phpstan/phpstan":"self.version","phpstan/phpdoc-parser":"^0.3","nikic/php-parser":"^4.0.2"},"uid":2396759},"dev-master":{"name":"phpstan/phpstan-shim","description":"PHPStan Phar distribution","keywords":[],"homepage":"","version":"dev-master","version_normalized":"9999999-dev","license":["MIT"],"authors":[],"source":{"type":"git","url":"https://github.com/phpstan/phpstan-shim.git","reference":"1b12b7b684201385c1bd4bdb8e50ff062b33bb5c"},"dist":{"type":"zip","url":"https://api.github.com/repos/phpstan/phpstan-shim/zipball/1b12b7b684201385c1bd4bdb8e50ff062b33bb5c","reference":"1b12b7b684201385c1bd4bdb8e50ff062b33bb5c","shasum":""},"type":"library","time":"2018-08-12T16:21:59+00:00","autoload":{"files":["bootstrap.php"]},"extra":{"branch-alias":{"dev-master":"0.10-dev"}},"bin":["phpstan","phpstan.phar"],"require":{"php":"~7.1"},"replace":{"phpstan/phpstan":"self.version","nikic/php-parser":"^4.0.2","phpstan/phpdoc-parser":"^0.3"},"uid":1381636}}}}