{"packages":{"doctrine/instantiator":{"1.0.0":{"name":"doctrine/instantiator","description":"A small, lightweight utility to instantiate objects in PHP without invoking their constructors","keywords":["constructor","instantiate"],"homepage":"https://github.com/doctrine/instantiator","version":"1.0.0","version_normalized":"1.0.0.0","license":["MIT"],"authors":[{"name":"Marco Pivetta","email":"ocramius@gmail.com","homepage":"http://ocramius.github.com/"}],"source":{"type":"git","url":"https://github.com/doctrine/instantiator.git","reference":"7547e2cc5d576f6997921b628eee421e739df806"},"dist":{"type":"zip","url":"https://api.github.com/repos/doctrine/instantiator/zipball/7547e2cc5d576f6997921b628eee421e739df806","reference":"7547e2cc5d576f6997921b628eee421e739df806","shasum":""},"type":"library","time":"2014-08-13T11:49:22+00:00","autoload":{"psr-0":{"Doctrine\\Instantiator\\":"src"}},"extra":{"branch-alias":{"dev-master":"1.0.x-dev"}},"require":{"php":"~5.3"},"require-dev":{"athletic/athletic":"~0.1.8","ext-pdo":"*","ext-phar":"*","phpunit/phpunit":"~4.0","squizlabs/php_codesniffer":"2.0.*@ALPHA"},"uid":216744},"1.0.1":{"name":"doctrine/instantiator","description":"A small, lightweight utility to instantiate objects in PHP without invoking their constructors","keywords":["constructor","instantiate"],"homepage":"https://github.com/doctrine/instantiator","version":"1.0.1","version_normalized":"1.0.1.0","license":["MIT"],"authors":[{"name":"Marco Pivetta","email":"ocramius@gmail.com","homepage":"http://ocramius.github.com/"}],"source":{"type":"git","url":"https://github.com/doctrine/instantiator.git","reference":"bbb57e04abb15f4a4eb3778158f01280bbb982cd"},"dist":{"type":"zip","url":"https://api.github.com/repos/doctrine/instantiator/zipball/bbb57e04abb15f4a4eb3778158f01280bbb982cd","reference":"bbb57e04abb15f4a4eb3778158f01280bbb982cd","shasum":""},"type":"library","time":"2014-08-14T14:51:48+00:00","autoload":{"psr-0":{"Doctrine\\Instantiator\\":"src"}},"extra":{"branch-alias":{"dev-master":"1.0.x-dev"}},"require":{"php":"~5.3"},"require-dev":{"athletic/athletic":"~0.1.8","ext-pdo":"*","ext-phar":"*","phpunit/phpunit":"~4.0","squizlabs/php_codesniffer":"2.0.*@ALPHA"},"uid":217594},"1.0.2":{"name":"doctrine/instantiator","description":"A small, lightweight utility to instantiate objects in PHP without invoking their constructors","keywords":["constructor","instantiate"],"homepage":"https://github.com/doctrine/instantiator","version":"1.0.2","version_normalized":"1.0.2.0","license":["MIT"],"authors":[{"name":"Marco Pivetta","email":"ocramius@gmail.com","homepage":"http://ocramius.github.com/"}],"source":{"type":"git","url":"https://github.com/doctrine/instantiator.git","reference":"26404e0c90565b614ee76b988b9bc8790d77f590"},"dist":{"type":"zip","url":"https://api.github.com/repos/doctrine/instantiator/zipball/26404e0c90565b614ee76b988b9bc8790d77f590","reference":"26404e0c90565b614ee76b988b9bc8790d77f590","shasum":""},"type":"library","time":"2014-08-25T15:09:25+00:00","autoload":{"psr-0":{"Doctrine\\Instantiator\\":"src"}},"extra":{"branch-alias":{"dev-master":"1.0.x-dev"}},"require":{"php":"~5.3"},"require-dev":{"athletic/athletic":"~0.1.8","ext-pdo":"*","ext-phar":"*","phpunit/phpunit":"~4.0","squizlabs/php_codesniffer":"2.0.*@ALPHA"},"uid":223032},"1.0.3":{"name":"doctrine/instantiator","description":"A small, lightweight utility to instantiate objects in PHP without invoking their constructors","keywords":["constructor","instantiate"],"homepage":"https://github.com/doctrine/instantiator","version":"1.0.3","version_normalized":"1.0.3.0","license":["MIT"],"authors":[{"name":"Marco Pivetta","email":"ocramius@gmail.com","homepage":"http://ocramius.github.com/"}],"source":{"type":"git","url":"https://github.com/doctrine/instantiator.git","reference":"8806c41c178ad4a2e87294b851d730779555d252"},"dist":{"type":"zip","url":"https://api.github.com/repos/doctrine/instantiator/zipball/8806c41c178ad4a2e87294b851d730779555d252","reference":"8806c41c178ad4a2e87294b851d730779555d252","shasum":""},"type":"library","time":"2014-10-04T22:48:25+00:00","autoload":{"psr-0":{"Doctrine\\Instantiator\\":"src"}},"extra":{"branch-alias":{"dev-master":"1.0.x-dev"}},"require":{"php":"~5.3"},"require-dev":{"athletic/athletic":"~0.1.8","ext-pdo":"*","ext-phar":"*","phpunit/phpunit":"~4.0","squizlabs/php_codesniffer":"2.0.*@ALPHA"},"uid":245367},"1.0.4":{"name":"doctrine/instantiator","description":"A small, lightweight utility to instantiate objects in PHP without invoking their constructors","keywords":["constructor","instantiate"],"homepage":"https://github.com/doctrine/instantiator","version":"1.0.4","version_normalized":"1.0.4.0","license":["MIT"],"authors":[{"name":"Marco Pivetta","email":"ocramius@gmail.com","homepage":"http://ocramius.github.com/"}],"source":{"type":"git","url":"https://github.com/doctrine/instantiator.git","reference":"f976e5de371104877ebc89bd8fecb0019ed9c119"},"dist":{"type":"zip","url":"https://api.github.com/repos/doctrine/instantiator/zipball/f976e5de371104877ebc89bd8fecb0019ed9c119","reference":"f976e5de371104877ebc89bd8fecb0019ed9c119","shasum":""},"type":"library","time":"2014-10-13T12:58:55+00:00","autoload":{"psr-0":{"Doctrine\\Instantiator\\":"src"}},"extra":{"branch-alias":{"dev-master":"1.0.x-dev"}},"require":{"php":">=5.3,<8.0-DEV"},"require-dev":{"athletic/athletic":"~0.1.8","ext-pdo":"*","ext-phar":"*","phpunit/phpunit":"~4.0","squizlabs/php_codesniffer":"2.0.*@ALPHA"},"uid":249847},"1.0.5":{"name":"doctrine/instantiator","description":"A small, lightweight utility to instantiate objects in PHP without invoking their constructors","keywords":["constructor","instantiate"],"homepage":"https://github.com/doctrine/instantiator","version":"1.0.5","version_normalized":"1.0.5.0","license":["MIT"],"authors":[{"name":"Marco Pivetta","email":"ocramius@gmail.com","homepage":"http://ocramius.github.com/"}],"source":{"type":"git","url":"https://github.com/doctrine/instantiator.git","reference":"8e884e78f9f0eb1329e445619e04456e64d8051d"},"dist":{"type":"zip","url":"https://api.github.com/repos/doctrine/instantiator/zipball/8e884e78f9f0eb1329e445619e04456e64d8051d","reference":"8e884e78f9f0eb1329e445619e04456e64d8051d","shasum":""},"type":"library","time":"2015-06-14T21:17:01+00:00","autoload":{"psr-4":{"Doctrine\\Instantiator\\":"src/Doctrine/Instantiator/"}},"extra":{"branch-alias":{"dev-master":"1.0.x-dev"}},"require":{"php":">=5.3,<8.0-DEV"},"require-dev":{"athletic/athletic":"~0.1.8","ext-pdo":"*","ext-phar":"*","phpunit/phpunit":"~4.0","squizlabs/php_codesniffer":"~2.0"},"uid":433485},"1.0.x-dev":{"name":"doctrine/instantiator","description":"A small, lightweight utility to instantiate objects in PHP without invoking their constructors","keywords":["constructor","instantiate"],"homepage":"https://github.com/doctrine/instantiator","version":"1.0.x-dev","version_normalized":"1.0.9999999.9999999-dev","license":["MIT"],"authors":[{"name":"Marco Pivetta","email":"ocramius@gmail.com","homepage":"http://ocramius.github.com/"}],"source":{"type":"git","url":"https://github.com/doctrine/instantiator.git","reference":"83b5716aee90e1f733512942c635ac350cbd533c"},"dist":{"type":"zip","url":"https://api.github.com/repos/doctrine/instantiator/zipball/83b5716aee90e1f733512942c635ac350cbd533c","reference":"83b5716aee90e1f733512942c635ac350cbd533c","shasum":""},"type":"library","time":"2018-09-01T02:07:49+00:00","autoload":{"psr-4":{"Doctrine\\Instantiator\\":"src/Doctrine/Instantiator/"}},"extra":{"branch-alias":{"dev-master":"1.0.x-dev"}},"require":{"php":">=5.3,<8.0-DEV"},"require-dev":{"athletic/athletic":"~0.1.8","ext-pdo":"*","ext-phar":"*","phpunit/phpunit":"~4.0","squizlabs/php_codesniffer":"~2.0"},"uid":608384},"1.1.0":{"name":"doctrine/instantiator","description":"A small, lightweight utility to instantiate objects in PHP without invoking their constructors","keywords":["constructor","instantiate"],"homepage":"https://github.com/doctrine/instantiator","version":"1.1.0","version_normalized":"1.1.0.0","license":["MIT"],"authors":[{"name":"Marco Pivetta","email":"ocramius@gmail.com","homepage":"http://ocramius.github.com/"}],"source":{"type":"git","url":"https://github.com/doctrine/instantiator.git","reference":"185b8868aa9bf7159f5f953ed5afb2d7fcdc3bda"},"dist":{"type":"zip","url":"https://api.github.com/repos/doctrine/instantiator/zipball/185b8868aa9bf7159f5f953ed5afb2d7fcdc3bda","reference":"185b8868aa9bf7159f5f953ed5afb2d7fcdc3bda","shasum":""},"type":"library","time":"2017-07-22T11:58:36+00:00","autoload":{"psr-4":{"Doctrine\\Instantiator\\":"src/Doctrine/Instantiator/"}},"extra":{"branch-alias":{"dev-master":"1.2.x-dev"}},"require":{"php":"^7.1"},"require-dev":{"athletic/athletic":"~0.1.8","ext-pdo":"*","ext-phar":"*","phpunit/phpunit":"^6.2.3","squizlabs/php_codesniffer":"^3.0.2"},"uid":1513379},"dev-hotfix/#9-fragile-internal-classes-check":{"name":"doctrine/instantiator","description":"A small, lightweight utility to instantiate objects in PHP without invoking their constructors","keywords":["constructor","instantiate"],"homepage":"https://github.com/doctrine/instantiator","version":"dev-hotfix/#9-fragile-internal-classes-check","version_normalized":"dev-hotfix/#9-fragile-internal-classes-check","license":["MIT"],"authors":[{"name":"Marco Pivetta","email":"ocramius@gmail.com","homepage":"http://ocramius.github.com/"}],"source":{"type":"git","url":"https://github.com/doctrine/instantiator.git","reference":"1ff19181c60105328577d5ec2932de01e9ce512a"},"dist":{"type":"zip","url":"https://api.github.com/repos/doctrine/instantiator/zipball/1ff19181c60105328577d5ec2932de01e9ce512a","reference":"1ff19181c60105328577d5ec2932de01e9ce512a","shasum":""},"type":"library","time":"2014-10-07T03:19:16+00:00","autoload":{"psr-0":{"Doctrine\\Instantiator\\":"src"}},"extra":{"branch-alias":{"dev-master":"1.0.x-dev"}},"require":{"php":"~5.3"},"require-dev":{"athletic/athletic":"~0.1.8","ext-pdo":"*","ext-phar":"*","phpunit/phpunit":"~4.0","squizlabs/php_codesniffer":"2.0.*@ALPHA"},"uid":246366},"dev-master":{"name":"doctrine/instantiator","description":"A small, lightweight utility to instantiate objects in PHP without invoking their constructors","keywords":["constructor","instantiate"],"homepage":"https://www.doctrine-project.org/projects/instantiator.html","version":"dev-master","version_normalized":"9999999-dev","license":["MIT"],"authors":[{"name":"Marco Pivetta","email":"ocramius@gmail.com","homepage":"http://ocramius.github.com/"}],"source":{"type":"git","url":"https://github.com/doctrine/instantiator.git","reference":"8f58c558d3263405c13df40489c35fe1eefd8f0e"},"dist":{"type":"zip","url":"https://api.github.com/repos/doctrine/instantiator/zipball/8f58c558d3263405c13df40489c35fe1eefd8f0e","reference":"8f58c558d3263405c13df40489c35fe1eefd8f0e","shasum":""},"type":"library","time":"2018-09-25T21:32:24+00:00","autoload":{"psr-4":{"Doctrine\\Instantiator\\":"src/Doctrine/Instantiator/"}},"extra":{"branch-alias":{"dev-master":"1.2.x-dev"}},"require":{"php":"^7.1"},"require-dev":{"doctrine/coding-standard":"^5.0","ext-pdo":"*","ext-phar":"*","phpbench/phpbench":"^0.13","phpstan/phpstan-shim":"^0.9.2","phpunit/phpunit":"^7.0"},"uid":215822}}}}