{"packages":{"jakub-onderka/php-console-highlighter":{"0.1":{"name":"jakub-onderka/php-console-highlighter","description":"","keywords":[],"homepage":"","version":"0.1","version_normalized":"0.1.0.0","license":["MIT"],"authors":[{"name":"Jakub Onderka","email":"acci@acci.cz","homepage":"http://www.acci.cz/"}],"source":{"type":"git","url":"https://github.com/JakubOnderka/PHP-Console-Highlighter.git","reference":"c4c2d367bce133ac1438f11dd31291b67cc01380"},"dist":{"type":"zip","url":"https://api.github.com/repos/JakubOnderka/PHP-Console-Highlighter/zipball/c4c2d367bce133ac1438f11dd31291b67cc01380","reference":"c4c2d367bce133ac1438f11dd31291b67cc01380","shasum":""},"type":"library","time":"2013-11-23T13:35:06+00:00","autoload":{"psr-0":{"JakubOnderka\\PhpConsoleHighlighter":"src/"}},"require":{"php":">=5.3.0","kevinlebrun/colors.php":"0.*"},"require-dev":{"phpunit/phpunit":"3.7.*","jakub-onderka/php-parallel-lint":"0.4","squizlabs/php_codesniffer":"1.*"},"uid":103720},"0.2":{"name":"jakub-onderka/php-console-highlighter","description":"","keywords":[],"homepage":"","version":"0.2","version_normalized":"0.2.0.0","license":["MIT"],"authors":[{"name":"Jakub Onderka","email":"acci@acci.cz","homepage":"http://www.acci.cz/"}],"source":{"type":"git","url":"https://github.com/JakubOnderka/PHP-Console-Highlighter.git","reference":"7a08e7cd5051687406b3a8aeba47280029c3c0ee"},"dist":{"type":"zip","url":"https://api.github.com/repos/JakubOnderka/PHP-Console-Highlighter/zipball/7a08e7cd5051687406b3a8aeba47280029c3c0ee","reference":"7a08e7cd5051687406b3a8aeba47280029c3c0ee","shasum":""},"type":"library","time":"2013-11-23T19:59:12+00:00","autoload":{"psr-0":{"JakubOnderka\\PhpConsoleHighlighter":"src/"}},"require":{"php":">=5.3.0","kevinlebrun/colors.php":"0.*"},"require-dev":{"phpunit/phpunit":"3.7.*","jakub-onderka/php-parallel-lint":"0.4","squizlabs/php_codesniffer":"1.*"},"uid":103765},"0.3":{"name":"jakub-onderka/php-console-highlighter","description":"","keywords":[],"homepage":"","version":"0.3","version_normalized":"0.3.0.0","license":["MIT"],"authors":[{"name":"Jakub Onderka","email":"acci@acci.cz","homepage":"http://www.acci.cz/"}],"source":{"type":"git","url":"https://github.com/JakubOnderka/PHP-Console-Highlighter.git","reference":"40366aaf8267d7131b3230b9f5cad774200a7ffb"},"dist":{"type":"zip","url":"https://api.github.com/repos/JakubOnderka/PHP-Console-Highlighter/zipball/40366aaf8267d7131b3230b9f5cad774200a7ffb","reference":"40366aaf8267d7131b3230b9f5cad774200a7ffb","shasum":""},"type":"library","time":"2014-04-25T07:56:22+00:00","autoload":{"psr-0":{"JakubOnderka\\PhpConsoleHighlighter":"src/"}},"require":{"php":">=5.3.0","jakub-onderka/php-console-color":"0.1"},"require-dev":{"phpunit/phpunit":"3.7.*","jakub-onderka/php-parallel-lint":"0.*","squizlabs/php_codesniffer":"1.*","jakub-onderka/php-code-style":"1.0"},"uid":164322},"dev-master":{"name":"jakub-onderka/php-console-highlighter","description":"Highlight PHP code in terminal","keywords":[],"homepage":"","version":"dev-master","version_normalized":"9999999-dev","license":["MIT"],"authors":[{"name":"Jakub Onderka","email":"acci@acci.cz","homepage":"http://www.acci.cz/"}],"source":{"type":"git","url":"https://github.com/JakubOnderka/PHP-Console-Highlighter.git","reference":"9f7a229a69d52506914b4bc61bfdb199d90c5547"},"dist":{"type":"zip","url":"https://api.github.com/repos/JakubOnderka/PHP-Console-Highlighter/zipball/9f7a229a69d52506914b4bc61bfdb199d90c5547","reference":"9f7a229a69d52506914b4bc61bfdb199d90c5547","shasum":""},"type":"library","time":"2018-09-29T18:48:56+00:00","autoload":{"psr-4":{"JakubOnderka\\PhpConsoleHighlighter\\":"src/"}},"require":{"ext-tokenizer":"*","php":">=5.4.0","jakub-onderka/php-console-color":"~0.2"},"require-dev":{"phpunit/phpunit":"~4.0","jakub-onderka/php-var-dump-check":"~0.1","squizlabs/php_codesniffer":"~1.5","jakub-onderka/php-code-style":"~1.0","jakub-onderka/php-parallel-lint":"~1.0"},"uid":904972},"v0.3.1":{"name":"jakub-onderka/php-console-highlighter","description":"","keywords":[],"homepage":"","version":"v0.3.1","version_normalized":"0.3.1.0","license":["MIT"],"authors":[{"name":"Jakub Onderka","email":"acci@acci.cz","homepage":"http://www.acci.cz/"}],"source":{"type":"git","url":"https://github.com/JakubOnderka/PHP-Console-Highlighter.git","reference":"05bce997da20acf873e6bf396276798f3cd2c76a"},"dist":{"type":"zip","url":"https://api.github.com/repos/JakubOnderka/PHP-Console-Highlighter/zipball/05bce997da20acf873e6bf396276798f3cd2c76a","reference":"05bce997da20acf873e6bf396276798f3cd2c76a","shasum":""},"type":"library","time":"2014-07-14T20:59:35+00:00","autoload":{"psr-0":{"JakubOnderka\\PhpConsoleHighlighter":"src/"}},"require":{"php":">=5.3.0","jakub-onderka/php-console-color":"~0.1"},"require-dev":{"phpunit/phpunit":"~4.0","jakub-onderka/php-parallel-lint":"~0.5","squizlabs/php_codesniffer":"~1.5","jakub-onderka/php-code-style":"~1.0"},"uid":202263},"v0.3.2":{"name":"jakub-onderka/php-console-highlighter","description":"","keywords":[],"homepage":"","version":"v0.3.2","version_normalized":"0.3.2.0","license":["MIT"],"authors":[{"name":"Jakub Onderka","email":"acci@acci.cz","homepage":"http://www.acci.cz/"}],"source":{"type":"git","url":"https://github.com/JakubOnderka/PHP-Console-Highlighter.git","reference":"7daa75df45242c8d5b75a22c00a201e7954e4fb5"},"dist":{"type":"zip","url":"https://api.github.com/repos/JakubOnderka/PHP-Console-Highlighter/zipball/7daa75df45242c8d5b75a22c00a201e7954e4fb5","reference":"7daa75df45242c8d5b75a22c00a201e7954e4fb5","shasum":""},"type":"library","time":"2015-04-20T18:58:01+00:00","autoload":{"psr-0":{"JakubOnderka\\PhpConsoleHighlighter":"src/"}},"require":{"php":">=5.3.0","jakub-onderka/php-console-color":"~0.1"},"require-dev":{"phpunit/phpunit":"~4.0","jakub-onderka/php-parallel-lint":"~0.5","jakub-onderka/php-var-dump-check":"~0.1","squizlabs/php_codesniffer":"~1.5","jakub-onderka/php-code-style":"~1.0"},"uid":435006},"v0.4":{"name":"jakub-onderka/php-console-highlighter","description":"Highlight PHP code in terminal","keywords":[],"homepage":"","version":"v0.4","version_normalized":"0.4.0.0","license":["MIT"],"authors":[{"name":"Jakub Onderka","email":"acci@acci.cz","homepage":"http://www.acci.cz/"}],"source":{"type":"git","url":"https://github.com/JakubOnderka/PHP-Console-Highlighter.git","reference":"9f7a229a69d52506914b4bc61bfdb199d90c5547"},"dist":{"type":"zip","url":"https://api.github.com/repos/JakubOnderka/PHP-Console-Highlighter/zipball/9f7a229a69d52506914b4bc61bfdb199d90c5547","reference":"9f7a229a69d52506914b4bc61bfdb199d90c5547","shasum":""},"type":"library","time":"2018-09-29T18:48:56+00:00","autoload":{"psr-4":{"JakubOnderka\\PhpConsoleHighlighter\\":"src/"}},"require":{"php":">=5.4.0","ext-tokenizer":"*","jakub-onderka/php-console-color":"~0.2"},"require-dev":{"phpunit/phpunit":"~4.0","jakub-onderka/php-parallel-lint":"~1.0","jakub-onderka/php-var-dump-check":"~0.1","squizlabs/php_codesniffer":"~1.5","jakub-onderka/php-code-style":"~1.0"},"uid":2492359}}}}