{"packages":{"mattketmo/uuid-2x-bridge":{"1.0.0":{"name":"mattketmo/uuid-2x-bridge","description":"Allow to use ramsey/uuid:3.x even if one of your dependencies requires version 2.x","keywords":[],"homepage":"","version":"1.0.0","version_normalized":"1.0.0.0","license":["MIT"],"authors":[{"name":"Matthieu Moquet","email":"matthieu@moquet.net"}],"source":{"type":"git","url":"https://github.com/MattKetmo/uuid-2x-bridge.git","reference":"bbec04294ae4568cf62e34f83d8716d14cb02588"},"dist":{"type":"zip","url":"https://api.github.com/repos/MattKetmo/uuid-2x-bridge/zipball/bbec04294ae4568cf62e34f83d8716d14cb02588","reference":"bbec04294ae4568cf62e34f83d8716d14cb02588","shasum":""},"type":"library","time":"2015-12-23T09:50:48+00:00","autoload":{"psr-4":{"Rhumsaa\\Uuid\\":"src"}},"require":{"ramsey/uuid":"^3.0"},"provide":{"ramsey/uuid":"^3.0"},"replace":{"ramsey/uuid":"^2.0","rhumsaa/uuid":"^2.0"},"uid":632039},"dev-master":{"name":"mattketmo/uuid-2x-bridge","description":"Allow to use ramsey/uuid:3.x even if one of your dependencies requires version 2.x","keywords":[],"homepage":"","version":"dev-master","version_normalized":"9999999-dev","license":["MIT"],"authors":[{"name":"Matthieu Moquet","email":"matthieu@moquet.net"}],"source":{"type":"git","url":"https://github.com/MattKetmo/uuid-2x-bridge.git","reference":"d0bc67734cc420c13fc92f308bd4d8a3c1959804"},"dist":{"type":"zip","url":"https://api.github.com/repos/MattKetmo/uuid-2x-bridge/zipball/d0bc67734cc420c13fc92f308bd4d8a3c1959804","reference":"d0bc67734cc420c13fc92f308bd4d8a3c1959804","shasum":""},"type":"library","time":"2016-05-07T16:05:27+00:00","autoload":{"psr-4":{"Rhumsaa\\Uuid\\":"src"}},"require":{"ramsey/uuid":"^3.0"},"require-dev":{"phpunit/phpunit":"^5.3"},"provide":{"ramsey/uuid":"^3.0"},"replace":{"ramsey/uuid":"^2.0","rhumsaa/uuid":"^2.0"},"uid":631507}},"ramsey/uuid":{"1.0.0":{"name":"ramsey/uuid","description":"A PHP 5.3+ library for generating RFC 4122 version 1, 3, 4, and 5 universally unique identifiers (UUID). Requires a 64-bit build of PHP.","keywords":["uuid","identifier","guid"],"homepage":"https://github.com/ramsey/uuid","version":"1.0.0","version_normalized":"1.0.0.0","license":["MIT"],"authors":[{"name":"Ben Ramsey","homepage":"http://benramsey.com"}],"source":{"type":"git","url":"https://github.com/ramsey/uuid.git","reference":"7844efd86d56fdc247436485aa8bfbf3d6ee8096"},"dist":{"type":"zip","url":"https://api.github.com/repos/ramsey/uuid/zipball/7844efd86d56fdc247436485aa8bfbf3d6ee8096","reference":"7844efd86d56fdc247436485aa8bfbf3d6ee8096","shasum":""},"type":"library","time":"2012-07-19T23:56:14+00:00","autoload":{"psr-0":{"Rhumsaa\\Uuid":"src/"}},"require":{"php":">=5.3.3"},"uid":390884},"1.1.0":{"name":"ramsey/uuid","description":"A PHP 5.3+ library for generating RFC 4122 version 1, 3, 4, and 5 universally unique identifiers (UUID). Requires a 64-bit build of PHP.","keywords":["uuid","identifier","guid"],"homepage":"https://github.com/ramsey/uuid","version":"1.1.0","version_normalized":"1.1.0.0","license":["MIT"],"authors":[{"name":"Marijn Huizendveld","email":"marijn.huizendveld@gmail.com"},{"name":"Ben Ramsey","homepage":"http://benramsey.com"}],"source":{"type":"git","url":"https://github.com/ramsey/uuid.git","reference":"2544a394331c983e287ddb14d599404bcc63879c"},"dist":{"type":"zip","url":"https://api.github.com/repos/ramsey/uuid/zipball/2544a394331c983e287ddb14d599404bcc63879c","reference":"2544a394331c983e287ddb14d599404bcc63879c","shasum":""},"type":"library","time":"2012-08-07T01:44:44+00:00","autoload":{"psr-0":{"Rhumsaa\\Uuid":"src/"}},"require":{"php":">=5.3.3"},"require-dev":{"doctrine/dbal":">=2.3"},"suggest":{"doctrine/dbal":"Allow the use of a UUID as doctrine field type."},"uid":390885},"1.1.1":{"name":"ramsey/uuid","description":"A PHP 5.3+ library for generating RFC 4122 version 1, 3, 4, and 5 universally unique identifiers (UUID). Requires a 64-bit build of PHP.","keywords":["uuid","identifier","guid"],"homepage":"https://github.com/ramsey/uuid","version":"1.1.1","version_normalized":"1.1.1.0","license":["MIT"],"authors":[{"name":"Marijn Huizendveld","email":"marijn.huizendveld@gmail.com"},{"name":"Ben Ramsey","homepage":"http://benramsey.com"}],"source":{"type":"git","url":"https://github.com/ramsey/uuid.git","reference":"5215d7e0b09d5fbca443722ca3c73a7476e9fcad"},"dist":{"type":"zip","url":"https://api.github.com/repos/ramsey/uuid/zipball/5215d7e0b09d5fbca443722ca3c73a7476e9fcad","reference":"5215d7e0b09d5fbca443722ca3c73a7476e9fcad","shasum":""},"type":"library","time":"2012-08-28T03:03:23+00:00","autoload":{"psr-0":{"Rhumsaa\\Uuid":"src/"}},"require":{"php":">=5.3.3"},"require-dev":{"doctrine/dbal":">=2.3"},"suggest":{"doctrine/dbal":"Allow the use of a UUID as doctrine field type."},"uid":390886},"1.1.2":{"name":"ramsey/uuid","description":"A PHP 5.3+ library for generating RFC 4122 version 1, 3, 4, and 5 universally unique identifiers (UUID). Requires a 64-bit build of PHP.","keywords":["uuid","identifier","guid"],"homepage":"https://github.com/ramsey/uuid","version":"1.1.2","version_normalized":"1.1.2.0","license":["MIT"],"authors":[{"name":"Marijn Huizendveld","email":"marijn.huizendveld@gmail.com"},{"name":"Ben Ramsey","homepage":"http://benramsey.com"}],"source":{"type":"git","url":"https://github.com/ramsey/uuid.git","reference":"96d8414fc796187e6699a9747f65d0fb1e2568c5"},"dist":{"type":"zip","url":"https://api.github.com/repos/ramsey/uuid/zipball/96d8414fc796187e6699a9747f65d0fb1e2568c5","reference":"96d8414fc796187e6699a9747f65d0fb1e2568c5","shasum":""},"type":"library","time":"2012-11-29T16:24:57+00:00","autoload":{"psr-0":{"Rhumsaa\\Uuid":"src/"}},"require":{"php":">=5.3.3"},"require-dev":{"doctrine/dbal":">=2.3"},"suggest":{"doctrine/dbal":"Allow the use of a UUID as doctrine field type."},"uid":390887},"2.0.0":{"name":"ramsey/uuid","description":"A PHP 5.3+ library for generating RFC 4122 version 1, 3, 4, and 5 universally unique identifiers (UUID).","keywords":["uuid","identifier","guid"],"homepage":"https://github.com/ramsey/uuid","version":"2.0.0","version_normalized":"2.0.0.0","license":["MIT"],"authors":[{"name":"Marijn Huizendveld","email":"marijn.huizendveld@gmail.com"},{"name":"Ben Ramsey","homepage":"http://benramsey.com"}],"source":{"type":"git","url":"https://github.com/ramsey/uuid.git","reference":"257d668b6e96eca89a315d99dba3a4ef2c9e9132"},"dist":{"type":"zip","url":"https://api.github.com/repos/ramsey/uuid/zipball/257d668b6e96eca89a315d99dba3a4ef2c9e9132","reference":"257d668b6e96eca89a315d99dba3a4ef2c9e9132","shasum":""},"type":"library","time":"2013-02-11T19:16:50+00:00","autoload":{"psr-0":{"Rhumsaa\\Uuid":"src/"}},"extra":{"branch-alias":{"dev-master":"2.0.x-dev"}},"require":{"php":">=5.3.3"},"require-dev":{"doctrine/dbal":">=2.3","moontoast/math":"1.1.0"},"suggest":{"doctrine/dbal":"Allow the use of a UUID as doctrine field type.","moontoast/math":"Provides support for large integers."},"uid":390888},"2.1.0":{"name":"ramsey/uuid","description":"A PHP 5.3+ library for generating RFC 4122 version 1, 3, 4, and 5 universally unique identifiers (UUID).","keywords":["uuid","identifier","guid"],"homepage":"https://github.com/ramsey/uuid","version":"2.1.0","version_normalized":"2.1.0.0","license":["MIT"],"authors":[{"name":"Marijn Huizendveld","email":"marijn.huizendveld@gmail.com"},{"name":"Ben Ramsey","homepage":"http://benramsey.com"}],"source":{"type":"git","url":"https://github.com/ramsey/uuid.git","reference":"79a655e886df849fd678ec5df6f335134b1e1249"},"dist":{"type":"zip","url":"https://api.github.com/repos/ramsey/uuid/zipball/79a655e886df849fd678ec5df6f335134b1e1249","reference":"79a655e886df849fd678ec5df6f335134b1e1249","shasum":""},"type":"library","time":"2013-04-15T23:43:05+00:00","autoload":{"psr-0":{"Rhumsaa\\Uuid":"src/"}},"extra":{"branch-alias":{"dev-master":"2.1.x-dev"}},"require":{"php":">=5.3.3"},"require-dev":{"doctrine/dbal":">=2.3","moontoast/math":"1.1.0"},"suggest":{"doctrine/dbal":"Allow the use of a UUID as doctrine field type.","moontoast/math":"Provides support for large integers."},"uid":390889},"2.1.1":{"name":"ramsey/uuid","description":"A PHP 5.3+ library for generating RFC 4122 version 1, 3, 4, and 5 universally unique identifiers (UUID).","keywords":["uuid","identifier","guid"],"homepage":"https://github.com/ramsey/uuid","version":"2.1.1","version_normalized":"2.1.1.0","license":["MIT"],"authors":[{"name":"Marijn Huizendveld","email":"marijn.huizendveld@gmail.com"},{"name":"Ben Ramsey","homepage":"http://benramsey.com"}],"source":{"type":"git","url":"https://github.com/ramsey/uuid.git","reference":"9d175d1d7960103a51337f99a522275e0a7a966a"},"dist":{"type":"zip","url":"https://api.github.com/repos/ramsey/uuid/zipball/9d175d1d7960103a51337f99a522275e0a7a966a","reference":"9d175d1d7960103a51337f99a522275e0a7a966a","shasum":""},"type":"library","time":"2013-04-29T20:38:09+00:00","autoload":{"psr-0":{"Rhumsaa\\Uuid":"src/"}},"extra":{"branch-alias":{"dev-master":"2.1.x-dev"}},"require":{"php":">=5.3.3"},"require-dev":{"doctrine/dbal":">=2.3","moontoast/math":"1.1.0"},"suggest":{"doctrine/dbal":"Allow the use of a UUID as doctrine field type.","moontoast/math":"Provides support for large integers."},"uid":390890},"2.1.2":{"name":"ramsey/uuid","description":"A PHP 5.3+ library for generating RFC 4122 version 1, 3, 4, and 5 universally unique identifiers (UUID).","keywords":["uuid","identifier","guid"],"homepage":"https://github.com/ramsey/uuid","version":"2.1.2","version_normalized":"2.1.2.0","license":["MIT"],"authors":[{"name":"Marijn Huizendveld","email":"marijn.huizendveld@gmail.com"},{"name":"Ben Ramsey","homepage":"http://benramsey.com"}],"source":{"type":"git","url":"https://github.com/ramsey/uuid.git","reference":"1e5a0dcaf55644aab427a6fdc9abecc5be9a2340"},"dist":{"type":"zip","url":"https://api.github.com/repos/ramsey/uuid/zipball/1e5a0dcaf55644aab427a6fdc9abecc5be9a2340","reference":"1e5a0dcaf55644aab427a6fdc9abecc5be9a2340","shasum":""},"type":"library","time":"2013-07-03T23:06:31+00:00","autoload":{"psr-0":{"Rhumsaa\\Uuid":"src/"}},"extra":{"branch-alias":{"dev-master":"2.1.x-dev"}},"require":{"php":">=5.3.3"},"require-dev":{"doctrine/dbal":">=2.3","moontoast/math":"1.1.0"},"suggest":{"doctrine/dbal":"Allow the use of a UUID as doctrine field type.","moontoast/math":"Provides support for large integers."},"uid":390891},"2.2.0":{"name":"ramsey/uuid","description":"A PHP 5.3+ library for generating RFC 4122 version 1, 3, 4, and 5 universally unique identifiers (UUID).","keywords":["uuid","identifier","guid"],"homepage":"https://github.com/ramsey/uuid","version":"2.2.0","version_normalized":"2.2.0.0","license":["MIT"],"authors":[{"name":"Marijn Huizendveld","email":"marijn.huizendveld@gmail.com"},{"name":"Ben Ramsey","homepage":"http://benramsey.com"}],"source":{"type":"git","url":"https://github.com/ramsey/uuid.git","reference":"0edd54dd466a4cf2101d74702a3d4ad29b2ddd57"},"dist":{"type":"zip","url":"https://api.github.com/repos/ramsey/uuid/zipball/0edd54dd466a4cf2101d74702a3d4ad29b2ddd57","reference":"0edd54dd466a4cf2101d74702a3d4ad29b2ddd57","shasum":""},"type":"library","time":"2013-07-04T16:06:55+00:00","autoload":{"psr-0":{"Rhumsaa\\Uuid":"src/"}},"extra":{"branch-alias":{"dev-master":"2.1.x-dev"}},"require":{"php":">=5.3.3"},"require-dev":{"doctrine/dbal":">=2.3","moontoast/math":"1.1.0"},"suggest":{"doctrine/dbal":"Allow the use of a UUID as doctrine field type.","moontoast/math":"Provides support for large integers."},"uid":390892},"2.3.0":{"name":"ramsey/uuid","description":"A PHP 5.3+ library for generating RFC 4122 version 1, 3, 4, and 5 universally unique identifiers (UUID).","keywords":["uuid","identifier","guid"],"homepage":"https://github.com/ramsey/uuid","version":"2.3.0","version_normalized":"2.3.0.0","license":["MIT"],"authors":[{"name":"Marijn Huizendveld","email":"marijn.huizendveld@gmail.com"},{"name":"Ben Ramsey","homepage":"http://benramsey.com"}],"source":{"type":"git","url":"https://github.com/ramsey/uuid.git","reference":"eca9792eb013d0036a3eeb971a35c72a561df997"},"dist":{"type":"zip","url":"https://api.github.com/repos/ramsey/uuid/zipball/eca9792eb013d0036a3eeb971a35c72a561df997","reference":"eca9792eb013d0036a3eeb971a35c72a561df997","shasum":""},"type":"library","time":"2013-07-16T15:13:38+00:00","autoload":{"psr-0":{"Rhumsaa\\Uuid":"src/"}},"extra":{"branch-alias":{"dev-master":"2.2.x-dev"}},"require":{"php":">=5.3.3"},"require-dev":{"doctrine/dbal":">=2.3","moontoast/math":"1.1.0"},"suggest":{"doctrine/dbal":"Allow the use of a UUID as doctrine field type.","moontoast/math":"Provides support for large integers."},"uid":390893},"2.4.0":{"name":"ramsey/uuid","description":"A PHP 5.3+ library for generating RFC 4122 version 1, 3, 4, and 5 universally unique identifiers (UUID).","keywords":["uuid","identifier","guid"],"homepage":"https://github.com/ramsey/uuid","version":"2.4.0","version_normalized":"2.4.0.0","license":["MIT"],"authors":[{"name":"Marijn Huizendveld","email":"marijn.huizendveld@gmail.com"},{"name":"Ben Ramsey","homepage":"http://benramsey.com"}],"source":{"type":"git","url":"https://github.com/ramsey/uuid.git","reference":"721181e32766487294ee3d1e49ef2a52d605cc66"},"dist":{"type":"zip","url":"https://api.github.com/repos/ramsey/uuid/zipball/721181e32766487294ee3d1e49ef2a52d605cc66","reference":"721181e32766487294ee3d1e49ef2a52d605cc66","shasum":""},"type":"library","time":"2013-07-30T00:05:42+00:00","autoload":{"psr-0":{"Rhumsaa\\Uuid":"src/"}},"extra":{"branch-alias":{"dev-master":"2.4.x-dev"}},"require":{"php":">=5.3.3"},"require-dev":{"doctrine/dbal":">=2.3","moontoast/math":"1.1.0"},"suggest":{"doctrine/dbal":"Allow the use of a UUID as doctrine field type.","moontoast/math":"Provides support for large integers."},"uid":390894},"2.5.0":{"name":"ramsey/uuid","description":"A PHP 5.3+ library for generating RFC 4122 version 1, 3, 4, and 5 universally unique identifiers (UUID).","keywords":["uuid","identifier","guid"],"homepage":"https://github.com/ramsey/uuid","version":"2.5.0","version_normalized":"2.5.0.0","license":["MIT"],"authors":[{"name":"Marijn Huizendveld","email":"marijn.huizendveld@gmail.com"},{"name":"Ben Ramsey","homepage":"http://benramsey.com"}],"source":{"type":"git","url":"https://github.com/ramsey/uuid.git","reference":"4b0bd0f6cb740dec8c4aebf20957925981a21706"},"dist":{"type":"zip","url":"https://api.github.com/repos/ramsey/uuid/zipball/4b0bd0f6cb740dec8c4aebf20957925981a21706","reference":"4b0bd0f6cb740dec8c4aebf20957925981a21706","shasum":""},"type":"library","time":"2013-10-30T22:43:52+00:00","autoload":{"psr-0":{"Rhumsaa\\Uuid":"src/"}},"extra":{"branch-alias":{"dev-master":"2.5.x-dev"}},"require":{"php":">=5.3.3"},"require-dev":{"doctrine/dbal":">=2.3","moontoast/math":"1.1.0","phpunit/phpunit":"~3.7"},"suggest":{"doctrine/dbal":"Allow the use of a UUID as doctrine field type.","moontoast/math":"Provides support for large integers."},"uid":390895},"2.6.0":{"name":"ramsey/uuid","description":"A PHP 5.3+ library for generating RFC 4122 version 1, 3, 4, and 5 universally unique identifiers (UUID).","keywords":["uuid","identifier","guid"],"homepage":"https://github.com/ramsey/uuid","version":"2.6.0","version_normalized":"2.6.0.0","license":["MIT"],"authors":[{"name":"Marijn Huizendveld","email":"marijn.huizendveld@gmail.com"},{"name":"Ben Ramsey","homepage":"http://benramsey.com"}],"source":{"type":"git","url":"https://github.com/ramsey/uuid.git","reference":"806f46722fcd2a5b151a94471d0d5d63d519e1bc"},"dist":{"type":"zip","url":"https://api.github.com/repos/ramsey/uuid/zipball/806f46722fcd2a5b151a94471d0d5d63d519e1bc","reference":"806f46722fcd2a5b151a94471d0d5d63d519e1bc","shasum":""},"type":"library","time":"2014-01-17T23:40:22+00:00","autoload":{"psr-0":{"Rhumsaa\\Uuid":"src/"}},"extra":{"branch-alias":{"dev-master":"2.6.x-dev"}},"bin":["bin/uuid"],"require":{"php":">=5.3.3","moontoast/math":"~1.1","symfony/console":"~2.4"},"require-dev":{"doctrine/dbal":">=2.3","phpunit/phpunit":"~3.7"},"suggest":{"doctrine/dbal":"Allow the use of a UUID as doctrine field type.","moontoast/math":"Provides support for large integers."},"uid":390896},"2.6.1":{"name":"ramsey/uuid","description":"A PHP 5.3+ library for generating RFC 4122 version 1, 3, 4, and 5 universally unique identifiers (UUID).","keywords":["uuid","identifier","guid"],"homepage":"https://github.com/ramsey/uuid","version":"2.6.1","version_normalized":"2.6.1.0","license":["MIT"],"authors":[{"name":"Marijn Huizendveld","email":"marijn.huizendveld@gmail.com"},{"name":"Ben Ramsey","homepage":"http://benramsey.com"}],"source":{"type":"git","url":"https://github.com/ramsey/uuid.git","reference":"ecbc32913fca757b5225213f5de02d1101e4e645"},"dist":{"type":"zip","url":"https://api.github.com/repos/ramsey/uuid/zipball/ecbc32913fca757b5225213f5de02d1101e4e645","reference":"ecbc32913fca757b5225213f5de02d1101e4e645","shasum":""},"type":"library","time":"2014-01-28T00:25:52+00:00","autoload":{"psr-0":{"Rhumsaa\\Uuid":"src/"}},"extra":{"branch-alias":{"dev-master":"2.6.x-dev"}},"bin":["bin/uuid"],"require":{"php":">=5.3.3","moontoast/math":"~1.1","symfony/console":"~2.4"},"require-dev":{"doctrine/dbal":">=2.3","phpunit/phpunit":"~3.7"},"suggest":{"doctrine/dbal":"Allow the use of a UUID as doctrine field type.","moontoast/math":"Provides support for large integers."},"uid":390897},"2.7.0":{"name":"ramsey/uuid","description":"A PHP 5.3+ library for generating RFC 4122 version 1, 3, 4, and 5 universally unique identifiers (UUID).","keywords":["uuid","identifier","guid"],"homepage":"https://github.com/ramsey/uuid","version":"2.7.0","version_normalized":"2.7.0.0","license":["MIT"],"authors":[{"name":"Marijn Huizendveld","email":"marijn.huizendveld@gmail.com"},{"name":"Ben Ramsey","homepage":"http://benramsey.com"}],"source":{"type":"git","url":"https://github.com/ramsey/uuid.git","reference":"f4d16d233a2f570f0689d4ebab2b166632a9575d"},"dist":{"type":"zip","url":"https://api.github.com/repos/ramsey/uuid/zipball/f4d16d233a2f570f0689d4ebab2b166632a9575d","reference":"f4d16d233a2f570f0689d4ebab2b166632a9575d","shasum":""},"type":"library","time":"2014-01-31T18:32:03+00:00","autoload":{"psr-0":{"Rhumsaa\\Uuid":"src/"}},"extra":{"branch-alias":{"dev-master":"2.6.x-dev"}},"bin":["bin/uuid"],"require":{"php":">=5.3.3","moontoast/math":"~1.1","symfony/console":"~2.4"},"require-dev":{"doctrine/dbal":">=2.3","phpunit/phpunit":"~3.7"},"suggest":{"doctrine/dbal":"Allow the use of a UUID as doctrine field type."},"uid":390898},"2.7.1":{"name":"ramsey/uuid","description":"A PHP 5.3+ library for generating RFC 4122 version 1, 3, 4, and 5 universally unique identifiers (UUID).","keywords":["uuid","identifier","guid"],"homepage":"https://github.com/ramsey/uuid","version":"2.7.1","version_normalized":"2.7.1.0","license":["MIT"],"authors":[{"name":"Marijn Huizendveld","email":"marijn.huizendveld@gmail.com"},{"name":"Ben Ramsey","homepage":"http://benramsey.com"}],"source":{"type":"git","url":"https://github.com/ramsey/uuid.git","reference":"8569983a11ed96087cdf94c7aa65866138681beb"},"dist":{"type":"zip","url":"https://api.github.com/repos/ramsey/uuid/zipball/8569983a11ed96087cdf94c7aa65866138681beb","reference":"8569983a11ed96087cdf94c7aa65866138681beb","shasum":""},"type":"library","time":"2014-02-22T00:08:43+00:00","autoload":{"psr-0":{"Rhumsaa\\Uuid":"src/"}},"extra":{"branch-alias":{"dev-master":"2.7.x-dev"}},"bin":["bin/uuid"],"require":{"php":">=5.3.3"},"require-dev":{"moontoast/math":"~1.1","symfony/console":"~2.3","doctrine/dbal":">=2.3","phpunit/phpunit":"~3.7"},"suggest":{"moontoast/math":"Support for converting UUID to 128-bit integer (in string form).","symfony/console":"Support for use of the bin/uuid command line tool.","doctrine/dbal":"Allow the use of a UUID as doctrine field type."},"uid":390899},"2.7.2":{"name":"ramsey/uuid","description":"A PHP 5.3+ library for generating RFC 4122 version 1, 3, 4, and 5 universally unique identifiers (UUID).","keywords":["uuid","identifier","guid"],"homepage":"https://github.com/ramsey/uuid","version":"2.7.2","version_normalized":"2.7.2.0","license":["MIT"],"authors":[{"name":"Marijn Huizendveld","email":"marijn.huizendveld@gmail.com"},{"name":"Ben Ramsey","homepage":"http://benramsey.com"}],"source":{"type":"git","url":"https://github.com/ramsey/uuid.git","reference":"ccabc07c649fbac6b409fe42439e042232f9db58"},"dist":{"type":"zip","url":"https://api.github.com/repos/ramsey/uuid/zipball/ccabc07c649fbac6b409fe42439e042232f9db58","reference":"ccabc07c649fbac6b409fe42439e042232f9db58","shasum":""},"type":"library","time":"2014-07-28T17:51:57+00:00","autoload":{"psr-4":{"Rhumsaa\\Uuid\\":"src/"}},"extra":{"branch-alias":{"dev-master":"2.7.x-dev"}},"bin":["bin/uuid"],"require":{"php":">=5.3.3"},"require-dev":{"moontoast/math":"~1.1","symfony/console":"~2.3","doctrine/dbal":">=2.3","phpunit/phpunit":"~4.1","satooshi/php-coveralls":"~0.6"},"suggest":{"moontoast/math":"Support for converting UUID to 128-bit integer (in string form).","symfony/console":"Support for use of the bin/uuid command line tool.","doctrine/dbal":"Allow the use of a UUID as doctrine field type."},"uid":390900},"2.7.3":{"name":"ramsey/uuid","description":"A PHP 5.3+ library for generating RFC 4122 version 1, 3, 4, and 5 universally unique identifiers (UUID).","keywords":["uuid","identifier","guid"],"homepage":"https://github.com/ramsey/uuid","version":"2.7.3","version_normalized":"2.7.3.0","license":["MIT"],"authors":[{"name":"Marijn Huizendveld","email":"marijn.huizendveld@gmail.com"},{"name":"Ben Ramsey","homepage":"http://benramsey.com"}],"source":{"type":"git","url":"https://github.com/ramsey/uuid.git","reference":"b976326ca5977d7333f34e3c828ae7c22a49a65a"},"dist":{"type":"zip","url":"https://api.github.com/repos/ramsey/uuid/zipball/b976326ca5977d7333f34e3c828ae7c22a49a65a","reference":"b976326ca5977d7333f34e3c828ae7c22a49a65a","shasum":""},"type":"library","time":"2014-08-27T22:39:41+00:00","autoload":{"psr-4":{"Rhumsaa\\Uuid\\":"src/"}},"extra":{"branch-alias":{"dev-master":"2.7.x-dev"}},"bin":["bin/uuid"],"require":{"php":">=5.3.3"},"require-dev":{"moontoast/math":"~1.1","symfony/console":"~2.3","doctrine/dbal":">=2.3","phpunit/phpunit":"~4.1","satooshi/php-coveralls":"~0.6"},"suggest":{"moontoast/math":"Support for converting UUID to 128-bit integer (in string form).","symfony/console":"Support for use of the bin/uuid command line tool.","doctrine/dbal":"Allow the use of a UUID as doctrine field type."},"uid":390901},"2.7.4":{"name":"ramsey/uuid","description":"A PHP 5.3+ library for generating RFC 4122 version 1, 3, 4, and 5 universally unique identifiers (UUID).","keywords":["uuid","identifier","guid"],"homepage":"https://github.com/ramsey/uuid","version":"2.7.4","version_normalized":"2.7.4.0","license":["MIT"],"authors":[{"name":"Marijn Huizendveld","email":"marijn.huizendveld@gmail.com"},{"name":"Ben Ramsey","homepage":"http://benramsey.com"}],"source":{"type":"git","url":"https://github.com/ramsey/uuid.git","reference":"eb1d371067aa8c2b83d6691837ee4896a6f76a44"},"dist":{"type":"zip","url":"https://api.github.com/repos/ramsey/uuid/zipball/eb1d371067aa8c2b83d6691837ee4896a6f76a44","reference":"eb1d371067aa8c2b83d6691837ee4896a6f76a44","shasum":""},"type":"library","time":"2014-10-30T03:36:49+00:00","autoload":{"psr-4":{"Rhumsaa\\Uuid\\":"src/"}},"extra":{"branch-alias":{"dev-master":"2.7.x-dev"}},"bin":["bin/uuid"],"require":{"php":">=5.3.3"},"require-dev":{"moontoast/math":"~1.1","symfony/console":"~2.3","doctrine/dbal":">=2.3","phpunit/phpunit":"~4.1","satooshi/php-coveralls":"~0.6"},"suggest":{"moontoast/math":"Support for converting UUID to 128-bit integer (in string form).","symfony/console":"Support for use of the bin/uuid command line tool.","doctrine/dbal":"Allow the use of a UUID as doctrine field type."},"uid":390902},"2.8.0":{"name":"ramsey/uuid","description":"A PHP 5.3+ library for generating RFC 4122 version 1, 3, 4, and 5 universally unique identifiers (UUID).","keywords":["uuid","identifier","guid"],"homepage":"https://github.com/ramsey/uuid","version":"2.8.0","version_normalized":"2.8.0.0","license":["MIT"],"authors":[{"name":"Marijn Huizendveld","email":"marijn.huizendveld@gmail.com"},{"name":"Ben Ramsey","homepage":"http://benramsey.com"}],"source":{"type":"git","url":"https://github.com/ramsey/uuid.git","reference":"cca98c652cac412c9c2f109c69e5532f313435fc"},"dist":{"type":"zip","url":"https://api.github.com/repos/ramsey/uuid/zipball/cca98c652cac412c9c2f109c69e5532f313435fc","reference":"cca98c652cac412c9c2f109c69e5532f313435fc","shasum":""},"type":"library","time":"2014-11-09T18:42:56+00:00","autoload":{"psr-4":{"Rhumsaa\\Uuid\\":"src/"}},"extra":{"branch-alias":{"dev-master":"2.8.x-dev"}},"bin":["bin/uuid"],"require":{"php":">=5.3.3"},"require-dev":{"moontoast/math":"~1.1","symfony/console":"~2.3","doctrine/dbal":">=2.3","phpunit/phpunit":"~4.1","satooshi/php-coveralls":"~0.6"},"suggest":{"moontoast/math":"Support for converting UUID to 128-bit integer (in string form).","symfony/console":"Support for use of the bin/uuid command line tool.","doctrine/dbal":"Allow the use of a UUID as doctrine field type."},"uid":390903},"2.8.1":{"name":"ramsey/uuid","description":"A PHP 5.3+ library for generating RFC 4122 version 1, 3, 4, and 5 universally unique identifiers (UUID).","keywords":["uuid","identifier","guid"],"homepage":"https://github.com/ramsey/uuid","version":"2.8.1","version_normalized":"2.8.1.0","license":["MIT"],"authors":[{"name":"Marijn Huizendveld","email":"marijn.huizendveld@gmail.com"},{"name":"Ben Ramsey","homepage":"http://benramsey.com"}],"source":{"type":"git","url":"https://github.com/ramsey/uuid.git","reference":"c1d7d8f0ac860fceaadadbda7154e8b5d2f9789e"},"dist":{"type":"zip","url":"https://api.github.com/repos/ramsey/uuid/zipball/c1d7d8f0ac860fceaadadbda7154e8b5d2f9789e","reference":"c1d7d8f0ac860fceaadadbda7154e8b5d2f9789e","shasum":""},"type":"library","time":"2015-06-16T15:12:41+00:00","autoload":{"psr-4":{"Rhumsaa\\Uuid\\":"src/"}},"bin":["bin/uuid"],"require":{"php":">=5.3.3"},"require-dev":{"moontoast/math":"~1.1","symfony/console":"~2.3","doctrine/dbal":">=2.3","phpunit/phpunit":"~4.1","satooshi/php-coveralls":"~0.6"},"suggest":{"moontoast/math":"Support for converting UUID to 128-bit integer (in string form).","symfony/console":"Support for use of the bin/uuid command line tool.","doctrine/dbal":"Allow the use of a UUID as doctrine field type."},"replace":{"rhumsaa/uuid":"self.version"},"uid":435441},"2.8.2":{"name":"ramsey/uuid","description":"NO LONGER MAINTAINED. Use ramsey/uuid instead. A PHP 5.3+ library for generating RFC 4122 version 1, 3, 4, and 5 universally unique identifiers (UUID).","keywords":["uuid","identifier","guid"],"homepage":"https://github.com/ramsey/rhumsaa-uuid","version":"2.8.2","version_normalized":"2.8.2.0","license":["MIT"],"authors":[{"name":"Marijn Huizendveld","email":"marijn.huizendveld@gmail.com"},{"name":"Ben Ramsey","homepage":"http://benramsey.com"}],"source":{"type":"git","url":"https://github.com/ramsey/uuid.git","reference":"9c1e2d34bdefd42608c612e08d6e1da1e13a3530"},"dist":{"type":"zip","url":"https://api.github.com/repos/ramsey/uuid/zipball/9c1e2d34bdefd42608c612e08d6e1da1e13a3530","reference":"9c1e2d34bdefd42608c612e08d6e1da1e13a3530","shasum":""},"type":"library","time":"2015-07-23T19:00:41+00:00","autoload":{"psr-4":{"Rhumsaa\\Uuid\\":"src/"}},"bin":["bin/uuid"],"require":{"php":">=5.3.3"},"require-dev":{"moontoast/math":"~1.1","symfony/console":"~2.3","doctrine/dbal":">=2.3","phpunit/phpunit":"~4.1","satooshi/php-coveralls":"~0.6","squizlabs/php_codesniffer":"^2.3","jakub-onderka/php-parallel-lint":"^0.9.0"},"suggest":{"moontoast/math":"Support for converting UUID to 128-bit integer (in string form).","symfony/console":"Support for use of the bin/uuid command line tool.","doctrine/dbal":"Allow the use of a UUID as doctrine field type."},"replace":{"rhumsaa/uuid":"self.version"},"uid":470799},"2.8.3":{"name":"ramsey/uuid","description":"A PHP 5.3+ library for generating RFC 4122 version 1, 3, 4, and 5 universally unique identifiers (UUID).","keywords":["uuid","identifier","guid"],"homepage":"https://github.com/ramsey/uuid","version":"2.8.3","version_normalized":"2.8.3.0","license":["MIT"],"authors":[{"name":"Marijn Huizendveld","email":"marijn.huizendveld@gmail.com"},{"name":"Ben Ramsey","homepage":"http://benramsey.com"}],"source":{"type":"git","url":"https://github.com/ramsey/uuid.git","reference":"767a5b5f70cd990c04ef21d8374794d1a02fa9e8"},"dist":{"type":"zip","url":"https://api.github.com/repos/ramsey/uuid/zipball/767a5b5f70cd990c04ef21d8374794d1a02fa9e8","reference":"767a5b5f70cd990c04ef21d8374794d1a02fa9e8","shasum":""},"type":"library","time":"2015-08-31T13:34:50+00:00","autoload":{"psr-4":{"Rhumsaa\\Uuid\\":"src/"}},"bin":["bin/uuid"],"require":{"php":">=5.3.3"},"require-dev":{"moontoast/math":"~1.1","symfony/console":"~2.3","doctrine/dbal":">=2.3","phpunit/phpunit":"~4.1","satooshi/php-coveralls":"~0.6","squizlabs/php_codesniffer":"^2.3","jakub-onderka/php-parallel-lint":"^0.9.0"},"suggest":{"moontoast/math":"Support for converting UUID to 128-bit integer (in string form).","symfony/console":"Support for use of the bin/uuid command line tool.","doctrine/dbal":"Allow the use of a UUID as doctrine field type."},"replace":{"rhumsaa/uuid":"self.version"},"uid":507292},"2.8.4":{"name":"ramsey/uuid","description":"A PHP 5.3+ library for generating RFC 4122 version 1, 3, 4, and 5 universally unique identifiers (UUID).","keywords":["uuid","identifier","guid"],"homepage":"https://github.com/ramsey/uuid","version":"2.8.4","version_normalized":"2.8.4.0","license":["MIT"],"authors":[{"name":"Marijn Huizendveld","email":"marijn.huizendveld@gmail.com"},{"name":"Ben Ramsey","homepage":"http://benramsey.com"}],"source":{"type":"git","url":"https://github.com/ramsey/uuid.git","reference":"805d8e1894c52e5b1582e75ca8803a8d85650df9"},"dist":{"type":"zip","url":"https://api.github.com/repos/ramsey/uuid/zipball/805d8e1894c52e5b1582e75ca8803a8d85650df9","reference":"805d8e1894c52e5b1582e75ca8803a8d85650df9","shasum":""},"type":"library","time":"2015-12-17T16:54:24+00:00","autoload":{"psr-4":{"Rhumsaa\\Uuid\\":"src/"}},"bin":["bin/uuid"],"require":{"php":">=5.3.3"},"require-dev":{"moontoast/math":"~1.1","symfony/console":"~2.3|~3.0","doctrine/dbal":">=2.3","phpunit/phpunit":"~4.1|~5.0","satooshi/php-coveralls":"~0.6","squizlabs/php_codesniffer":"^2.3","jakub-onderka/php-parallel-lint":"^0.9.0"},"suggest":{"moontoast/math":"Support for converting UUID to 128-bit integer (in string form).","symfony/console":"Support for use of the bin/uuid command line tool.","doctrine/dbal":"Allow the use of a UUID as doctrine field type."},"replace":{"rhumsaa/uuid":"self.version"},"uid":626618},"2.9.0":{"name":"ramsey/uuid","description":"A PHP 5.3+ library for generating RFC 4122 version 1, 3, 4, and 5 universally unique identifiers (UUID).","keywords":["uuid","identifier","guid"],"homepage":"https://github.com/ramsey/uuid","version":"2.9.0","version_normalized":"2.9.0.0","license":["MIT"],"authors":[{"name":"Marijn Huizendveld","email":"marijn.huizendveld@gmail.com"},{"name":"Ben Ramsey","homepage":"http://benramsey.com"}],"source":{"type":"git","url":"https://github.com/ramsey/uuid.git","reference":"b2ef4dd9584268d73f92f752a62bc24cd534dc9a"},"dist":{"type":"zip","url":"https://api.github.com/repos/ramsey/uuid/zipball/b2ef4dd9584268d73f92f752a62bc24cd534dc9a","reference":"b2ef4dd9584268d73f92f752a62bc24cd534dc9a","shasum":""},"type":"library","time":"2016-03-22T18:20:19+00:00","autoload":{"psr-4":{"Rhumsaa\\Uuid\\":"src/"}},"bin":["bin/uuid"],"require":{"php":">=5.3.3","paragonie/random_compat":"^1.0|^2.0"},"require-dev":{"moontoast/math":"~1.1","symfony/console":"~2.3|~3.0","doctrine/dbal":">=2.3","phpunit/phpunit":"~4.1|~5.0","satooshi/php-coveralls":"~0.6","squizlabs/php_codesniffer":"^2.3","jakub-onderka/php-parallel-lint":"^0.9.0"},"suggest":{"moontoast/math":"Support for converting UUID to 128-bit integer (in string form).","symfony/console":"Support for use of the bin/uuid command line tool.","doctrine/dbal":"Allow the use of a UUID as doctrine field type."},"replace":{"rhumsaa/uuid":"self.version"},"uid":747503},"3.0.0":{"name":"ramsey/uuid","description":"Formerly rhumsaa/uuid. A PHP 5.4+ library for generating RFC 4122 version 1, 3, 4, and 5 universally unique identifiers (UUID).","keywords":["uuid","identifier","guid"],"homepage":"https://github.com/ramsey/uuid","version":"3.0.0","version_normalized":"3.0.0.0","license":["MIT"],"authors":[{"name":"Marijn Huizendveld","email":"marijn.huizendveld@gmail.com"},{"name":"Thibaud Fabre","email":"thibaud@aztech.io"},{"name":"Ben Ramsey","email":"ben@benramsey.com","homepage":"https://benramsey.com"}],"source":{"type":"git","url":"https://github.com/ramsey/uuid.git","reference":"0c0ac34e867219bb9936cc5b823f8a5af840d7eb"},"dist":{"type":"zip","url":"https://api.github.com/repos/ramsey/uuid/zipball/0c0ac34e867219bb9936cc5b823f8a5af840d7eb","reference":"0c0ac34e867219bb9936cc5b823f8a5af840d7eb","shasum":""},"type":"library","time":"2015-09-28T16:27:51+00:00","autoload":{"psr-4":{"Ramsey\\Uuid\\":"src/"}},"extra":{"branch-alias":{"dev-master":"3.0.x-dev"}},"require":{"php":">=5.4"},"require-dev":{"moontoast/math":"^1.1","ircmaxell/random-lib":"^1.1","phpunit/phpunit":"^4.7","squizlabs/php_codesniffer":"^2.3","jakub-onderka/php-parallel-lint":"^0.9.0","satooshi/php-coveralls":"^0.6.1","apigen/apigen":"^4.1"},"suggest":{"ramsey/uuid-doctrine":"Allow the use of a UUID as Doctrine field type.","ramsey/uuid-console":"A console application for generating UUIDs with ramsey/uuid","moontoast/math":"Support for converting UUID to 128-bit integer (in string form).","ircmaxell/random-lib":"Provides RandomLib to use with the RandomLibAdapter"},"replace":{"rhumsaa/uuid":"self.version"},"uid":535114},"3.0.0-alpha1":{"name":"ramsey/uuid","description":"Formerly rhumsaa/uuid. A PHP 5.4+ library for generating RFC 4122 version 1, 3, 4, and 5 universally unique identifiers (UUID).","keywords":["uuid","identifier","guid"],"homepage":"https://github.com/ramsey/uuid","version":"3.0.0-alpha1","version_normalized":"3.0.0.0-alpha1","license":["MIT"],"authors":[{"name":"Marijn Huizendveld","email":"marijn.huizendveld@gmail.com"},{"name":"Thibaud Fabre","email":"thibaud@aztech.io"},{"name":"Ben Ramsey","email":"ben@benramsey.com","homepage":"https://benramsey.com"}],"source":{"type":"git","url":"https://github.com/ramsey/uuid.git","reference":"32d2a7ffe9aca7370c98f092f86c0e16f2b2d15b"},"dist":{"type":"zip","url":"https://api.github.com/repos/ramsey/uuid/zipball/32d2a7ffe9aca7370c98f092f86c0e16f2b2d15b","reference":"32d2a7ffe9aca7370c98f092f86c0e16f2b2d15b","shasum":""},"type":"library","time":"2015-07-16T18:03:15+00:00","autoload":{"psr-4":{"Ramsey\\Uuid\\":"src/"}},"extra":{"branch-alias":{"dev-master":"3.0.x-dev"}},"require":{"php":">=5.4"},"require-dev":{"moontoast/math":"^1.1","ircmaxell/random-lib":"^1.1","phpunit/phpunit":"^4.7","squizlabs/php_codesniffer":"^2.3","jakub-onderka/php-parallel-lint":"^0.9.0","satooshi/php-coveralls":"^0.6.1"},"suggest":{"ramsey/uuid-doctrine":"Allow the use of a UUID as Doctrine field type.","ramsey/uuid-console":"A console application for generating UUIDs with ramsey/uuid","moontoast/math":"Support for converting UUID to 128-bit integer (in string form).","ircmaxell/random-lib":"Provides RandomLib to use with the RandomLibAdapter"},"replace":{"rhumsaa/uuid":"self.version"},"uid":463951},"3.0.0-alpha2":{"name":"ramsey/uuid","description":"Formerly rhumsaa/uuid. A PHP 5.4+ library for generating RFC 4122 version 1, 3, 4, and 5 universally unique identifiers (UUID).","keywords":["uuid","identifier","guid"],"homepage":"https://github.com/ramsey/rhumsaa-uuid","version":"3.0.0-alpha2","version_normalized":"3.0.0.0-alpha2","license":["MIT"],"authors":[{"name":"Marijn Huizendveld","email":"marijn.huizendveld@gmail.com"},{"name":"Thibaud Fabre","email":"thibaud@aztech.io"},{"name":"Ben Ramsey","email":"ben@benramsey.com","homepage":"https://benramsey.com"}],"source":{"type":"git","url":"https://github.com/ramsey/uuid.git","reference":"b5e431e7f132387d91c9cd798fa34a29e15c9fa4"},"dist":{"type":"zip","url":"https://api.github.com/repos/ramsey/uuid/zipball/b5e431e7f132387d91c9cd798fa34a29e15c9fa4","reference":"b5e431e7f132387d91c9cd798fa34a29e15c9fa4","shasum":""},"type":"library","time":"2015-07-28T16:45:12+00:00","autoload":{"psr-4":{"Ramsey\\Uuid\\":"src/"}},"extra":{"branch-alias":{"dev-master":"3.0.x-dev"}},"require":{"php":">=5.4"},"require-dev":{"moontoast/math":"^1.1","ircmaxell/random-lib":"^1.1","phpunit/phpunit":"^4.7","squizlabs/php_codesniffer":"^2.3","jakub-onderka/php-parallel-lint":"^0.9.0","satooshi/php-coveralls":"^0.6.1"},"suggest":{"ramsey/uuid-doctrine":"Allow the use of a UUID as Doctrine field type.","ramsey/uuid-console":"A console application for generating UUIDs with ramsey/uuid","moontoast/math":"Support for converting UUID to 128-bit integer (in string form).","ircmaxell/random-lib":"Provides RandomLib to use with the RandomLibAdapter"},"replace":{"rhumsaa/uuid":"self.version"},"uid":475467},"3.0.0-alpha3":{"name":"ramsey/uuid","description":"Formerly rhumsaa/uuid. A PHP 5.4+ library for generating RFC 4122 version 1, 3, 4, and 5 universally unique identifiers (UUID).","keywords":["uuid","identifier","guid"],"homepage":"https://github.com/ramsey/rhumsaa-uuid","version":"3.0.0-alpha3","version_normalized":"3.0.0.0-alpha3","license":["MIT"],"authors":[{"name":"Marijn Huizendveld","email":"marijn.huizendveld@gmail.com"},{"name":"Thibaud Fabre","email":"thibaud@aztech.io"},{"name":"Ben Ramsey","email":"ben@benramsey.com","homepage":"https://benramsey.com"}],"source":{"type":"git","url":"https://github.com/ramsey/uuid.git","reference":"41f8db48808eee34c5e0b1199283dcce968fd117"},"dist":{"type":"zip","url":"https://api.github.com/repos/ramsey/uuid/zipball/41f8db48808eee34c5e0b1199283dcce968fd117","reference":"41f8db48808eee34c5e0b1199283dcce968fd117","shasum":""},"type":"library","time":"2015-07-28T20:40:04+00:00","autoload":{"psr-4":{"Ramsey\\Uuid\\":"src/"}},"extra":{"branch-alias":{"dev-master":"3.0.x-dev"}},"require":{"php":">=5.4"},"require-dev":{"moontoast/math":"^1.1","ircmaxell/random-lib":"^1.1","phpunit/phpunit":"^4.7","squizlabs/php_codesniffer":"^2.3","jakub-onderka/php-parallel-lint":"^0.9.0","satooshi/php-coveralls":"^0.6.1"},"suggest":{"ramsey/uuid-doctrine":"Allow the use of a UUID as Doctrine field type.","ramsey/uuid-console":"A console application for generating UUIDs with ramsey/uuid","moontoast/math":"Support for converting UUID to 128-bit integer (in string form).","ircmaxell/random-lib":"Provides RandomLib to use with the RandomLibAdapter"},"replace":{"rhumsaa/uuid":"self.version"},"uid":475619},"3.0.0-beta1":{"name":"ramsey/uuid","description":"Formerly rhumsaa/uuid. A PHP 5.4+ library for generating RFC 4122 version 1, 3, 4, and 5 universally unique identifiers (UUID).","keywords":["uuid","identifier","guid"],"homepage":"https://github.com/ramsey/uuid","version":"3.0.0-beta1","version_normalized":"3.0.0.0-beta1","license":["MIT"],"authors":[{"name":"Marijn Huizendveld","email":"marijn.huizendveld@gmail.com"},{"name":"Thibaud Fabre","email":"thibaud@aztech.io"},{"name":"Ben Ramsey","email":"ben@benramsey.com","homepage":"https://benramsey.com"}],"source":{"type":"git","url":"https://github.com/ramsey/uuid.git","reference":"d5276bdba6ec6e4fc91eaf2727177332b333642a"},"dist":{"type":"zip","url":"https://api.github.com/repos/ramsey/uuid/zipball/d5276bdba6ec6e4fc91eaf2727177332b333642a","reference":"d5276bdba6ec6e4fc91eaf2727177332b333642a","shasum":""},"type":"library","time":"2015-08-31T14:09:22+00:00","autoload":{"psr-4":{"Ramsey\\Uuid\\":"src/"}},"extra":{"branch-alias":{"dev-master":"3.0.x-dev"}},"require":{"php":">=5.4"},"require-dev":{"moontoast/math":"^1.1","ircmaxell/random-lib":"^1.1","phpunit/phpunit":"^4.7","squizlabs/php_codesniffer":"^2.3","jakub-onderka/php-parallel-lint":"^0.9.0","satooshi/php-coveralls":"^0.6.1"},"suggest":{"ramsey/uuid-doctrine":"Allow the use of a UUID as Doctrine field type.","ramsey/uuid-console":"A console application for generating UUIDs with ramsey/uuid","moontoast/math":"Support for converting UUID to 128-bit integer (in string form).","ircmaxell/random-lib":"Provides RandomLib to use with the RandomLibAdapter"},"replace":{"rhumsaa/uuid":"self.version"},"uid":507306},"3.0.1":{"name":"ramsey/uuid","description":"Formerly rhumsaa/uuid. A PHP 5.4+ library for generating RFC 4122 version 1, 3, 4, and 5 universally unique identifiers (UUID).","keywords":["uuid","identifier","guid"],"homepage":"https://github.com/ramsey/uuid","version":"3.0.1","version_normalized":"3.0.1.0","license":["MIT"],"authors":[{"name":"Marijn Huizendveld","email":"marijn.huizendveld@gmail.com"},{"name":"Thibaud Fabre","email":"thibaud@aztech.io"},{"name":"Ben Ramsey","email":"ben@benramsey.com","homepage":"https://benramsey.com"}],"source":{"type":"git","url":"https://github.com/ramsey/uuid.git","reference":"3c84b9e2965a5fa666dec8617a3a66a8179c6ca8"},"dist":{"type":"zip","url":"https://api.github.com/repos/ramsey/uuid/zipball/3c84b9e2965a5fa666dec8617a3a66a8179c6ca8","reference":"3c84b9e2965a5fa666dec8617a3a66a8179c6ca8","shasum":""},"type":"library","time":"2015-10-21T16:27:25+00:00","autoload":{"psr-4":{"Ramsey\\Uuid\\":"src/"}},"require":{"php":">=5.4"},"require-dev":{"moontoast/math":"^1.1","ircmaxell/random-lib":"^1.1","phpunit/phpunit":"^4.7","squizlabs/php_codesniffer":"^2.3","jakub-onderka/php-parallel-lint":"^0.9.0","satooshi/php-coveralls":"^0.6.1","apigen/apigen":"^4.1"},"suggest":{"ircmaxell/random-lib":"Provides RandomLib for use with the RandomLibAdapter","ext-uuid":"Provides the PECL UUID extension for use with the PeclUuidTimeGenerator and PeclUuidRandomGenerator","moontoast/math":"Provides support for converting UUID to 128-bit integer (in string form).","ramsey/uuid-doctrine":"Allows the use of Ramsey\\Uuid\\Uuid as Doctrine field type.","ramsey/uuid-console":"A console application for generating UUIDs with ramsey/uuid"},"replace":{"rhumsaa/uuid":"self.version"},"uid":558534},"3.1.0":{"name":"ramsey/uuid","description":"Formerly rhumsaa/uuid. A PHP 5.4+ library for generating RFC 4122 version 1, 3, 4, and 5 universally unique identifiers (UUID).","keywords":["uuid","identifier","guid"],"homepage":"https://github.com/ramsey/uuid","version":"3.1.0","version_normalized":"3.1.0.0","license":["MIT"],"authors":[{"name":"Marijn Huizendveld","email":"marijn.huizendveld@gmail.com"},{"name":"Thibaud Fabre","email":"thibaud@aztech.io"},{"name":"Ben Ramsey","email":"ben@benramsey.com","homepage":"https://benramsey.com"}],"source":{"type":"git","url":"https://github.com/ramsey/uuid.git","reference":"3cc2dd253e296ce05f99635b2f633048adfbaa96"},"dist":{"type":"zip","url":"https://api.github.com/repos/ramsey/uuid/zipball/3cc2dd253e296ce05f99635b2f633048adfbaa96","reference":"3cc2dd253e296ce05f99635b2f633048adfbaa96","shasum":""},"type":"library","time":"2015-12-17T15:21:44+00:00","autoload":{"psr-4":{"Ramsey\\Uuid\\":"src/"}},"require":{"php":">=5.4"},"require-dev":{"moontoast/math":"^1.1","ircmaxell/random-lib":"^1.1","phpunit/phpunit":"^4.7","squizlabs/php_codesniffer":"^2.3","jakub-onderka/php-parallel-lint":"^0.9.0","satooshi/php-coveralls":"^0.6.1","apigen/apigen":"^4.1"},"suggest":{"ircmaxell/random-lib":"Provides RandomLib for use with the RandomLibAdapter","ext-uuid":"Provides the PECL UUID extension for use with the PeclUuidTimeGenerator and PeclUuidRandomGenerator","moontoast/math":"Provides support for converting UUID to 128-bit integer (in string form).","ramsey/uuid-doctrine":"Allows the use of Ramsey\\Uuid\\Uuid as Doctrine field type.","ramsey/uuid-console":"A console application for generating UUIDs with ramsey/uuid"},"replace":{"rhumsaa/uuid":"self.version"},"uid":626364},"3.2.0":{"name":"ramsey/uuid","description":"Formerly rhumsaa/uuid. A PHP 5.4+ library for generating RFC 4122 version 1, 3, 4, and 5 universally unique identifiers (UUID).","keywords":["uuid","identifier","guid"],"homepage":"https://github.com/ramsey/uuid","version":"3.2.0","version_normalized":"3.2.0.0","license":["MIT"],"authors":[{"name":"Marijn Huizendveld","email":"marijn.huizendveld@gmail.com"},{"name":"Thibaud Fabre","email":"thibaud@aztech.io"},{"name":"Ben Ramsey","email":"ben@benramsey.com","homepage":"https://benramsey.com"}],"source":{"type":"git","url":"https://github.com/ramsey/uuid.git","reference":"adee1ba4a6885ed800021a98dd69ae2394d695ec"},"dist":{"type":"zip","url":"https://api.github.com/repos/ramsey/uuid/zipball/adee1ba4a6885ed800021a98dd69ae2394d695ec","reference":"adee1ba4a6885ed800021a98dd69ae2394d695ec","shasum":""},"type":"library","time":"2016-02-17T23:32:34+00:00","autoload":{"psr-4":{"Ramsey\\Uuid\\":"src/"}},"require":{"php":">=5.4"},"require-dev":{"moontoast/math":"^1.1","ircmaxell/random-lib":"^1.1","phpunit/phpunit":"^4.7|^5.0","squizlabs/php_codesniffer":"^2.3","jakub-onderka/php-parallel-lint":"^0.9.0","satooshi/php-coveralls":"^0.6.1","apigen/apigen":"^4.1"},"suggest":{"ircmaxell/random-lib":"Provides RandomLib for use with the RandomLibAdapter","ext-libsodium":"Provides the PECL libsodium extension for use with the SodiumRandomGenerator","ext-uuid":"Provides the PECL UUID extension for use with the PeclUuidTimeGenerator and PeclUuidRandomGenerator","moontoast/math":"Provides support for converting UUID to 128-bit integer (in string form).","ramsey/uuid-doctrine":"Allows the use of Ramsey\\Uuid\\Uuid as Doctrine field type.","ramsey/uuid-console":"A console application for generating UUIDs with ramsey/uuid"},"replace":{"rhumsaa/uuid":"self.version"},"uid":702139},"3.3.0":{"name":"ramsey/uuid","description":"Formerly rhumsaa/uuid. A PHP 5.4+ library for generating RFC 4122 version 1, 3, 4, and 5 universally unique identifiers (UUID).","keywords":["uuid","identifier","guid"],"homepage":"https://github.com/ramsey/uuid","version":"3.3.0","version_normalized":"3.3.0.0","license":["MIT"],"authors":[{"name":"Marijn Huizendveld","email":"marijn.huizendveld@gmail.com"},{"name":"Thibaud Fabre","email":"thibaud@aztech.io"},{"name":"Ben Ramsey","email":"ben@benramsey.com","homepage":"https://benramsey.com"}],"source":{"type":"git","url":"https://github.com/ramsey/uuid.git","reference":"f44f53e5ceb7474a83b6e11e6623ff9d6f6da598"},"dist":{"type":"zip","url":"https://api.github.com/repos/ramsey/uuid/zipball/f44f53e5ceb7474a83b6e11e6623ff9d6f6da598","reference":"f44f53e5ceb7474a83b6e11e6623ff9d6f6da598","shasum":""},"type":"library","time":"2016-03-22T18:40:53+00:00","autoload":{"psr-4":{"Ramsey\\Uuid\\":"src/"}},"extra":{"branch-alias":{"dev-master":"3.x-dev"}},"require":{"php":">=5.4","paragonie/random_compat":"^1.0|^2.0"},"require-dev":{"moontoast/math":"^1.1","ircmaxell/random-lib":"^1.1","phpunit/phpunit":"^4.7|^5.0","squizlabs/php_codesniffer":"^2.3","jakub-onderka/php-parallel-lint":"^0.9.0","satooshi/php-coveralls":"^0.6.1","apigen/apigen":"^4.1","mockery/mockery":"^0.9.4"},"suggest":{"ircmaxell/random-lib":"Provides RandomLib for use with the RandomLibAdapter","ext-libsodium":"Provides the PECL libsodium extension for use with the SodiumRandomGenerator","ext-uuid":"Provides the PECL UUID extension for use with the PeclUuidTimeGenerator and PeclUuidRandomGenerator","moontoast/math":"Provides support for converting UUID to 128-bit integer (in string form).","ramsey/uuid-doctrine":"Allows the use of Ramsey\\Uuid\\Uuid as Doctrine field type.","ramsey/uuid-console":"A console application for generating UUIDs with ramsey/uuid"},"replace":{"rhumsaa/uuid":"self.version"},"uid":747505},"3.4.0":{"name":"ramsey/uuid","description":"Formerly rhumsaa/uuid. A PHP 5.4+ library for generating RFC 4122 version 1, 3, 4, and 5 universally unique identifiers (UUID).","keywords":["uuid","identifier","guid"],"homepage":"https://github.com/ramsey/uuid","version":"3.4.0","version_normalized":"3.4.0.0","license":["MIT"],"authors":[{"name":"Marijn Huizendveld","email":"marijn.huizendveld@gmail.com"},{"name":"Thibaud Fabre","email":"thibaud@aztech.io"},{"name":"Ben Ramsey","email":"ben@benramsey.com","homepage":"https://benramsey.com"}],"source":{"type":"git","url":"https://github.com/ramsey/uuid.git","reference":"fb12163881a98588bcdc4ba820a96e0ff5ad97dc"},"dist":{"type":"zip","url":"https://api.github.com/repos/ramsey/uuid/zipball/fb12163881a98588bcdc4ba820a96e0ff5ad97dc","reference":"fb12163881a98588bcdc4ba820a96e0ff5ad97dc","shasum":""},"type":"library","time":"2016-04-24T00:08:55+00:00","autoload":{"psr-4":{"Ramsey\\Uuid\\":"src/"}},"extra":{"branch-alias":{"dev-master":"3.x-dev"}},"require":{"php":">=5.4","paragonie/random_compat":"^1.0|^2.0"},"require-dev":{"moontoast/math":"^1.1","ircmaxell/random-lib":"^1.1","phpunit/phpunit":"^4.7|^5.0","squizlabs/php_codesniffer":"^2.3","jakub-onderka/php-parallel-lint":"^0.9.0","satooshi/php-coveralls":"^0.6.1","apigen/apigen":"^4.1","mockery/mockery":"^0.9.4","goaop/framework":"1.0.0-alpha.2","codeception/aspect-mock":"1.0.0"},"suggest":{"ircmaxell/random-lib":"Provides RandomLib for use with the RandomLibAdapter","ext-libsodium":"Provides the PECL libsodium extension for use with the SodiumRandomGenerator","ext-uuid":"Provides the PECL UUID extension for use with the PeclUuidTimeGenerator and PeclUuidRandomGenerator","moontoast/math":"Provides support for converting UUID to 128-bit integer (in string form).","ramsey/uuid-doctrine":"Allows the use of Ramsey\\Uuid\\Uuid as Doctrine field type.","ramsey/uuid-console":"A console application for generating UUIDs with ramsey/uuid"},"replace":{"rhumsaa/uuid":"self.version"},"uid":791042},"3.4.1":{"name":"ramsey/uuid","description":"Formerly rhumsaa/uuid. A PHP 5.4+ library for generating RFC 4122 version 1, 3, 4, and 5 universally unique identifiers (UUID).","keywords":["uuid","identifier","guid"],"homepage":"https://github.com/ramsey/uuid","version":"3.4.1","version_normalized":"3.4.1.0","license":["MIT"],"authors":[{"name":"Marijn Huizendveld","email":"marijn.huizendveld@gmail.com"},{"name":"Thibaud Fabre","email":"thibaud@aztech.io"},{"name":"Ben Ramsey","email":"ben@benramsey.com","homepage":"https://benramsey.com"}],"source":{"type":"git","url":"https://github.com/ramsey/uuid.git","reference":"b4fe3b7387cb323fd15ad5837cae992422c9fa5c"},"dist":{"type":"zip","url":"https://api.github.com/repos/ramsey/uuid/zipball/b4fe3b7387cb323fd15ad5837cae992422c9fa5c","reference":"b4fe3b7387cb323fd15ad5837cae992422c9fa5c","shasum":""},"type":"library","time":"2016-04-24T00:30:41+00:00","autoload":{"psr-4":{"Ramsey\\Uuid\\":"src/"}},"extra":{"branch-alias":{"dev-master":"3.x-dev"}},"require":{"php":">=5.4","paragonie/random_compat":"^1.0|^2.0"},"require-dev":{"moontoast/math":"^1.1","ircmaxell/random-lib":"^1.1","phpunit/phpunit":"^4.7|^5.0","squizlabs/php_codesniffer":"^2.3","jakub-onderka/php-parallel-lint":"^0.9.0","satooshi/php-coveralls":"^0.6.1","apigen/apigen":"^4.1","mockery/mockery":"^0.9.4","goaop/framework":"1.0.0-alpha.2","codeception/aspect-mock":"1.0.0"},"suggest":{"ircmaxell/random-lib":"Provides RandomLib for use with the RandomLibAdapter","ext-libsodium":"Provides the PECL libsodium extension for use with the SodiumRandomGenerator","ext-uuid":"Provides the PECL UUID extension for use with the PeclUuidTimeGenerator and PeclUuidRandomGenerator","moontoast/math":"Provides support for converting UUID to 128-bit integer (in string form).","ramsey/uuid-doctrine":"Allows the use of Ramsey\\Uuid\\Uuid as Doctrine field type.","ramsey/uuid-console":"A console application for generating UUIDs with ramsey/uuid"},"replace":{"rhumsaa/uuid":"self.version"},"uid":791644},"3.5.0":{"name":"ramsey/uuid","description":"Formerly rhumsaa/uuid. A PHP 5.4+ library for generating RFC 4122 version 1, 3, 4, and 5 universally unique identifiers (UUID).","keywords":["uuid","identifier","guid"],"homepage":"https://github.com/ramsey/uuid","version":"3.5.0","version_normalized":"3.5.0.0","license":["MIT"],"authors":[{"name":"Marijn Huizendveld","email":"marijn.huizendveld@gmail.com"},{"name":"Thibaud Fabre","email":"thibaud@aztech.io"},{"name":"Ben Ramsey","email":"ben@benramsey.com","homepage":"https://benramsey.com"}],"source":{"type":"git","url":"https://github.com/ramsey/uuid.git","reference":"a6d15c8618ea3951fd54d34e326b68d3d0bc0786"},"dist":{"type":"zip","url":"https://api.github.com/repos/ramsey/uuid/zipball/a6d15c8618ea3951fd54d34e326b68d3d0bc0786","reference":"a6d15c8618ea3951fd54d34e326b68d3d0bc0786","shasum":""},"type":"library","time":"2016-08-02T18:39:32+00:00","autoload":{"psr-4":{"Ramsey\\Uuid\\":"src/"}},"extra":{"branch-alias":{"dev-master":"3.x-dev"}},"require":{"php":">=5.4","paragonie/random_compat":"^1.0|^2.0"},"require-dev":{"moontoast/math":"^1.1","ircmaxell/random-lib":"^1.1","phpunit/phpunit":"^4.7|>=5.0 <5.4","squizlabs/php_codesniffer":"^2.3","jakub-onderka/php-parallel-lint":"^0.9.0","satooshi/php-coveralls":"^0.6.1","apigen/apigen":"^4.1","mockery/mockery":"^0.9.4","goaop/framework":"1.0.0-alpha.2","codeception/aspect-mock":"1.0.0"},"suggest":{"ircmaxell/random-lib":"Provides RandomLib for use with the RandomLibAdapter","ext-libsodium":"Provides the PECL libsodium extension for use with the SodiumRandomGenerator","ext-uuid":"Provides the PECL UUID extension for use with the PeclUuidTimeGenerator and PeclUuidRandomGenerator","moontoast/math":"Provides support for converting UUID to 128-bit integer (in string form).","ramsey/uuid-doctrine":"Allows the use of Ramsey\\Uuid\\Uuid as Doctrine field type.","ramsey/uuid-console":"A console application for generating UUIDs with ramsey/uuid"},"replace":{"rhumsaa/uuid":"self.version"},"uid":931009},"3.5.1":{"name":"ramsey/uuid","description":"Formerly rhumsaa/uuid. A PHP 5.4+ library for generating RFC 4122 version 1, 3, 4, and 5 universally unique identifiers (UUID).","keywords":["uuid","identifier","guid"],"homepage":"https://github.com/ramsey/uuid","version":"3.5.1","version_normalized":"3.5.1.0","license":["MIT"],"authors":[{"name":"Marijn Huizendveld","email":"marijn.huizendveld@gmail.com"},{"name":"Thibaud Fabre","email":"thibaud@aztech.io"},{"name":"Ben Ramsey","email":"ben@benramsey.com","homepage":"https://benramsey.com"}],"source":{"type":"git","url":"https://github.com/ramsey/uuid.git","reference":"a07797b986671b0dc823885a81d5e3516b931599"},"dist":{"type":"zip","url":"https://api.github.com/repos/ramsey/uuid/zipball/a07797b986671b0dc823885a81d5e3516b931599","reference":"a07797b986671b0dc823885a81d5e3516b931599","shasum":""},"type":"library","time":"2016-10-02T15:51:17+00:00","autoload":{"psr-4":{"Ramsey\\Uuid\\":"src/"}},"extra":{"branch-alias":{"dev-master":"3.x-dev"}},"require":{"php":">=5.4","paragonie/random_compat":"^1.0|^2.0"},"require-dev":{"moontoast/math":"^1.1","ircmaxell/random-lib":"^1.1","phpunit/phpunit":"^4.7|>=5.0 <5.4","squizlabs/php_codesniffer":"^2.3","jakub-onderka/php-parallel-lint":"^0.9.0","satooshi/php-coveralls":"^0.6.1","apigen/apigen":"^4.1","mockery/mockery":"^0.9.4","goaop/framework":"1.0.0-alpha.2","codeception/aspect-mock":"1.0.0"},"suggest":{"ircmaxell/random-lib":"Provides RandomLib for use with the RandomLibAdapter","ext-libsodium":"Provides the PECL libsodium extension for use with the SodiumRandomGenerator","ext-uuid":"Provides the PECL UUID extension for use with the PeclUuidTimeGenerator and PeclUuidRandomGenerator","moontoast/math":"Provides support for converting UUID to 128-bit integer (in string form).","ramsey/uuid-doctrine":"Allows the use of Ramsey\\Uuid\\Uuid as Doctrine field type.","ramsey/uuid-console":"A console application for generating UUIDs with ramsey/uuid"},"replace":{"rhumsaa/uuid":"self.version"},"uid":1018832},"3.5.2":{"name":"ramsey/uuid","description":"Formerly rhumsaa/uuid. A PHP 5.4+ library for generating RFC 4122 version 1, 3, 4, and 5 universally unique identifiers (UUID).","keywords":["uuid","identifier","guid"],"homepage":"https://github.com/ramsey/uuid","version":"3.5.2","version_normalized":"3.5.2.0","license":["MIT"],"authors":[{"name":"Marijn Huizendveld","email":"marijn.huizendveld@gmail.com"},{"name":"Thibaud Fabre","email":"thibaud@aztech.io"},{"name":"Ben Ramsey","email":"ben@benramsey.com","homepage":"https://benramsey.com"}],"source":{"type":"git","url":"https://github.com/ramsey/uuid.git","reference":"5677cfe02397dd6b58c861870dfaa5d9007d3954"},"dist":{"type":"zip","url":"https://api.github.com/repos/ramsey/uuid/zipball/5677cfe02397dd6b58c861870dfaa5d9007d3954","reference":"5677cfe02397dd6b58c861870dfaa5d9007d3954","shasum":""},"type":"library","time":"2016-11-22T19:21:44+00:00","autoload":{"psr-4":{"Ramsey\\Uuid\\":"src/"}},"extra":{"branch-alias":{"dev-master":"3.x-dev"}},"require":{"php":">=5.4","paragonie/random_compat":"^1.0|^2.0"},"require-dev":{"moontoast/math":"^1.1","ircmaxell/random-lib":"^1.1","phpunit/phpunit":"^4.7|>=5.0 <5.4","squizlabs/php_codesniffer":"^2.3","jakub-onderka/php-parallel-lint":"^0.9.0","satooshi/php-coveralls":"^0.6.1","apigen/apigen":"^4.1","mockery/mockery":"^0.9.4","goaop/framework":"1.0.0-alpha.2","doctrine/annotations":"~1.2.0","codeception/aspect-mock":"1.0.0","php-mock/php-mock-phpunit":"^0.3|^1.1"},"suggest":{"ircmaxell/random-lib":"Provides RandomLib for use with the RandomLibAdapter","ext-libsodium":"Provides the PECL libsodium extension for use with the SodiumRandomGenerator","ext-uuid":"Provides the PECL UUID extension for use with the PeclUuidTimeGenerator and PeclUuidRandomGenerator","moontoast/math":"Provides support for converting UUID to 128-bit integer (in string form).","ramsey/uuid-doctrine":"Allows the use of Ramsey\\Uuid\\Uuid as Doctrine field type.","ramsey/uuid-console":"A console application for generating UUIDs with ramsey/uuid"},"replace":{"rhumsaa/uuid":"self.version"},"uid":1093459},"3.6.0":{"name":"ramsey/uuid","description":"Formerly rhumsaa/uuid. A PHP 5.4+ library for generating RFC 4122 version 1, 3, 4, and 5 universally unique identifiers (UUID).","keywords":["uuid","identifier","guid"],"homepage":"https://github.com/ramsey/uuid","version":"3.6.0","version_normalized":"3.6.0.0","license":["MIT"],"authors":[{"name":"Marijn Huizendveld","email":"marijn.huizendveld@gmail.com"},{"name":"Thibaud Fabre","email":"thibaud@aztech.io"},{"name":"Ben Ramsey","email":"ben@benramsey.com","homepage":"https://benramsey.com"}],"source":{"type":"git","url":"https://github.com/ramsey/uuid.git","reference":"0b7bdfb180e72c8d76e75a649ced67e392201458"},"dist":{"type":"zip","url":"https://api.github.com/repos/ramsey/uuid/zipball/0b7bdfb180e72c8d76e75a649ced67e392201458","reference":"0b7bdfb180e72c8d76e75a649ced67e392201458","shasum":""},"type":"library","time":"2017-03-18T15:38:09+00:00","autoload":{"psr-4":{"Ramsey\\Uuid\\":"src/"}},"extra":{"branch-alias":{"dev-master":"3.x-dev"}},"require":{"php":"^5.4 || ^7.0","paragonie/random_compat":"^1.0|^2.0"},"require-dev":{"moontoast/math":"^1.1","ircmaxell/random-lib":"^1.1","phpunit/phpunit":"^4.7|>=5.0 <5.4","squizlabs/php_codesniffer":"^2.3","jakub-onderka/php-parallel-lint":"^0.9.0","satooshi/php-coveralls":"^0.6.1","apigen/apigen":"^4.1","mockery/mockery":"^0.9.4","goaop/framework":"1.0.0-alpha.2","doctrine/annotations":"~1.2.0","codeception/aspect-mock":"1.0.0","php-mock/php-mock-phpunit":"^0.3|^1.1"},"suggest":{"ircmaxell/random-lib":"Provides RandomLib for use with the RandomLibAdapter","ext-libsodium":"Provides the PECL libsodium extension for use with the SodiumRandomGenerator","ext-uuid":"Provides the PECL UUID extension for use with the PeclUuidTimeGenerator and PeclUuidRandomGenerator","moontoast/math":"Provides support for converting UUID to 128-bit integer (in string form).","ramsey/uuid-doctrine":"Allows the use of Ramsey\\Uuid\\Uuid as Doctrine field type.","ramsey/uuid-console":"A console application for generating UUIDs with ramsey/uuid"},"replace":{"rhumsaa/uuid":"self.version"},"uid":1293308},"3.6.1":{"name":"ramsey/uuid","description":"Formerly rhumsaa/uuid. A PHP 5.4+ library for generating RFC 4122 version 1, 3, 4, and 5 universally unique identifiers (UUID).","keywords":["uuid","identifier","guid"],"homepage":"https://github.com/ramsey/uuid","version":"3.6.1","version_normalized":"3.6.1.0","license":["MIT"],"authors":[{"name":"Marijn Huizendveld","email":"marijn.huizendveld@gmail.com"},{"name":"Thibaud Fabre","email":"thibaud@aztech.io"},{"name":"Ben Ramsey","email":"ben@benramsey.com","homepage":"https://benramsey.com"}],"source":{"type":"git","url":"https://github.com/ramsey/uuid.git","reference":"4ae32dd9ab8860a4bbd750ad269cba7f06f7934e"},"dist":{"type":"zip","url":"https://api.github.com/repos/ramsey/uuid/zipball/4ae32dd9ab8860a4bbd750ad269cba7f06f7934e","reference":"4ae32dd9ab8860a4bbd750ad269cba7f06f7934e","shasum":""},"type":"library","time":"2017-03-26T20:37:53+00:00","autoload":{"psr-4":{"Ramsey\\Uuid\\":"src/"}},"extra":{"branch-alias":{"dev-master":"3.x-dev"}},"require":{"php":"^5.4 || ^7.0","paragonie/random_compat":"^1.0|^2.0"},"require-dev":{"moontoast/math":"^1.1","ircmaxell/random-lib":"^1.1","phpunit/phpunit":"^4.7|>=5.0 <5.4","squizlabs/php_codesniffer":"^2.3","jakub-onderka/php-parallel-lint":"^0.9.0","satooshi/php-coveralls":"^0.6.1","apigen/apigen":"^4.1","mockery/mockery":"^0.9.4","goaop/framework":"1.0.0-alpha.2 | ^1.0 | ^2.1","doctrine/annotations":"~1.2.0","codeception/aspect-mock":"^1.0 | ^2.0","php-mock/php-mock-phpunit":"^0.3|^1.1"},"suggest":{"ircmaxell/random-lib":"Provides RandomLib for use with the RandomLibAdapter","ext-libsodium":"Provides the PECL libsodium extension for use with the SodiumRandomGenerator","ext-uuid":"Provides the PECL UUID extension for use with the PeclUuidTimeGenerator and PeclUuidRandomGenerator","moontoast/math":"Provides support for converting UUID to 128-bit integer (in string form).","ramsey/uuid-doctrine":"Allows the use of Ramsey\\Uuid\\Uuid as Doctrine field type.","ramsey/uuid-console":"A console application for generating UUIDs with ramsey/uuid"},"replace":{"rhumsaa/uuid":"self.version"},"uid":1308839},"3.7.0":{"name":"ramsey/uuid","description":"Formerly rhumsaa/uuid. A PHP 5.4+ library for generating RFC 4122 version 1, 3, 4, and 5 universally unique identifiers (UUID).","keywords":["uuid","identifier","guid"],"homepage":"https://github.com/ramsey/uuid","version":"3.7.0","version_normalized":"3.7.0.0","license":["MIT"],"authors":[{"name":"Marijn Huizendveld","email":"marijn.huizendveld@gmail.com"},{"name":"Thibaud Fabre","email":"thibaud@aztech.io"},{"name":"Ben Ramsey","email":"ben@benramsey.com","homepage":"https://benramsey.com"}],"source":{"type":"git","url":"https://github.com/ramsey/uuid.git","reference":"0ef23d1b10cf1bc576e9d865a7e9c47982c5715e"},"dist":{"type":"zip","url":"https://api.github.com/repos/ramsey/uuid/zipball/0ef23d1b10cf1bc576e9d865a7e9c47982c5715e","reference":"0ef23d1b10cf1bc576e9d865a7e9c47982c5715e","shasum":""},"type":"library","time":"2017-08-04T13:39:04+00:00","autoload":{"psr-4":{"Ramsey\\Uuid\\":"src/"}},"extra":{"branch-alias":{"dev-master":"3.x-dev"}},"require":{"php":"^5.4 || ^7.0","paragonie/random_compat":"^1.0|^2.0"},"require-dev":{"moontoast/math":"^1.1","ircmaxell/random-lib":"^1.1","phpunit/phpunit":"^4.7|>=5.0 <5.4","squizlabs/php_codesniffer":"^2.3","jakub-onderka/php-parallel-lint":"^0.9.0","satooshi/php-coveralls":"^0.6.1","apigen/apigen":"^4.1","mockery/mockery":"^0.9.4","goaop/framework":"1.0.0-alpha.2 | ^1.0 | ^2.1","doctrine/annotations":"~1.2.0","codeception/aspect-mock":"^1.0 | ^2.0","php-mock/php-mock-phpunit":"^0.3|^1.1"},"suggest":{"ircmaxell/random-lib":"Provides RandomLib for use with the RandomLibAdapter","ext-libsodium":"Provides the PECL libsodium extension for use with the SodiumRandomGenerator","ext-uuid":"Provides the PECL UUID extension for use with the PeclUuidTimeGenerator and PeclUuidRandomGenerator","moontoast/math":"Provides support for converting UUID to 128-bit integer (in string form).","ramsey/uuid-doctrine":"Allows the use of Ramsey\\Uuid\\Uuid as Doctrine field type.","ramsey/uuid-console":"A console application for generating UUIDs with ramsey/uuid"},"replace":{"rhumsaa/uuid":"self.version"},"uid":1537451},"3.7.1":{"name":"ramsey/uuid","description":"Formerly rhumsaa/uuid. A PHP 5.4+ library for generating RFC 4122 version 1, 3, 4, and 5 universally unique identifiers (UUID).","keywords":["uuid","identifier","guid"],"homepage":"https://github.com/ramsey/uuid","version":"3.7.1","version_normalized":"3.7.1.0","license":["MIT"],"authors":[{"name":"Marijn Huizendveld","email":"marijn.huizendveld@gmail.com"},{"name":"Thibaud Fabre","email":"thibaud@aztech.io"},{"name":"Ben Ramsey","email":"ben@benramsey.com","homepage":"https://benramsey.com"}],"source":{"type":"git","url":"https://github.com/ramsey/uuid.git","reference":"45cffe822057a09e05f7bd09ec5fb88eeecd2334"},"dist":{"type":"zip","url":"https://api.github.com/repos/ramsey/uuid/zipball/45cffe822057a09e05f7bd09ec5fb88eeecd2334","reference":"45cffe822057a09e05f7bd09ec5fb88eeecd2334","shasum":""},"type":"library","time":"2017-09-22T20:46:04+00:00","autoload":{"psr-4":{"Ramsey\\Uuid\\":"src/"}},"extra":{"branch-alias":{"dev-master":"3.x-dev"}},"require":{"php":"^5.4 || ^7.0","paragonie/random_compat":"^1.0|^2.0"},"require-dev":{"moontoast/math":"^1.1","ircmaxell/random-lib":"^1.1","phpunit/phpunit":"^4.7|>=5.0 <5.4","squizlabs/php_codesniffer":"^2.3","jakub-onderka/php-parallel-lint":"^0.9.0","satooshi/php-coveralls":"^0.6.1","apigen/apigen":"^4.1","mockery/mockery":"^0.9.4","goaop/framework":"1.0.0-alpha.2 | ^1.0 | ^2.1","doctrine/annotations":"~1.2.0","codeception/aspect-mock":"^1.0 | ^2.0","php-mock/php-mock-phpunit":"^0.3|^1.1"},"suggest":{"ircmaxell/random-lib":"Provides RandomLib for use with the RandomLibAdapter","ext-libsodium":"Provides the PECL libsodium extension for use with the SodiumRandomGenerator","ext-uuid":"Provides the PECL UUID extension for use with the PeclUuidTimeGenerator and PeclUuidRandomGenerator","moontoast/math":"Provides support for converting UUID to 128-bit integer (in string form).","ramsey/uuid-doctrine":"Allows the use of Ramsey\\Uuid\\Uuid as Doctrine field type.","ramsey/uuid-console":"A console application for generating UUIDs with ramsey/uuid"},"replace":{"rhumsaa/uuid":"self.version"},"uid":1626413},"3.7.2":{"name":"ramsey/uuid","description":"Formerly rhumsaa/uuid. A PHP 5.4+ library for generating RFC 4122 version 1, 3, 4, and 5 universally unique identifiers (UUID).","keywords":["uuid","identifier","guid"],"homepage":"https://github.com/ramsey/uuid","version":"3.7.2","version_normalized":"3.7.2.0","license":["MIT"],"authors":[{"name":"Marijn Huizendveld","email":"marijn.huizendveld@gmail.com"},{"name":"Thibaud Fabre","email":"thibaud@aztech.io"},{"name":"Ben Ramsey","email":"ben@benramsey.com","homepage":"https://benramsey.com"}],"source":{"type":"git","url":"https://github.com/ramsey/uuid.git","reference":"bba83ad77bb9deb6d3c352a7361b818e415b221d"},"dist":{"type":"zip","url":"https://api.github.com/repos/ramsey/uuid/zipball/bba83ad77bb9deb6d3c352a7361b818e415b221d","reference":"bba83ad77bb9deb6d3c352a7361b818e415b221d","shasum":""},"type":"library","time":"2018-01-13T22:22:03+00:00","autoload":{"psr-4":{"Ramsey\\Uuid\\":"src/"}},"extra":{"branch-alias":{"dev-master":"3.x-dev"}},"require":{"php":"^5.4 || ^7.0","paragonie/random_compat":"^1.0|^2.0"},"require-dev":{"moontoast/math":"^1.1","ircmaxell/random-lib":"^1.1","phpunit/phpunit":"^4.7|^5.0","squizlabs/php_codesniffer":"^2.3","jakub-onderka/php-parallel-lint":"^0.9.0","satooshi/php-coveralls":"^0.6.1","apigen/apigen":"^4.1","mockery/mockery":"^0.9.4","goaop/framework":"1.0.0-alpha.2 | ^1.0 | ^2.1","doctrine/annotations":"~1.2.0","codeception/aspect-mock":"^1.0 | ~2.0.0","php-mock/php-mock-phpunit":"^0.3|^1.1"},"suggest":{"ircmaxell/random-lib":"Provides RandomLib for use with the RandomLibAdapter","ext-libsodium":"Provides the PECL libsodium extension for use with the SodiumRandomGenerator","ext-uuid":"Provides the PECL UUID extension for use with the PeclUuidTimeGenerator and PeclUuidRandomGenerator","moontoast/math":"Provides support for converting UUID to 128-bit integer (in string form).","ramsey/uuid-doctrine":"Allows the use of Ramsey\\Uuid\\Uuid as Doctrine field type.","ramsey/uuid-console":"A console application for generating UUIDs with ramsey/uuid"},"replace":{"rhumsaa/uuid":"self.version"},"uid":1840857},"3.7.3":{"name":"ramsey/uuid","description":"Formerly rhumsaa/uuid. A PHP 5.4+ library for generating RFC 4122 version 1, 3, 4, and 5 universally unique identifiers (UUID).","keywords":["uuid","identifier","guid"],"homepage":"https://github.com/ramsey/uuid","version":"3.7.3","version_normalized":"3.7.3.0","license":["MIT"],"authors":[{"name":"Marijn Huizendveld","email":"marijn.huizendveld@gmail.com"},{"name":"Thibaud Fabre","email":"thibaud@aztech.io"},{"name":"Ben Ramsey","email":"ben@benramsey.com","homepage":"https://benramsey.com"}],"source":{"type":"git","url":"https://github.com/ramsey/uuid.git","reference":"44abcdad877d9a46685a3a4d221e3b2c4b87cb76"},"dist":{"type":"zip","url":"https://api.github.com/repos/ramsey/uuid/zipball/44abcdad877d9a46685a3a4d221e3b2c4b87cb76","reference":"44abcdad877d9a46685a3a4d221e3b2c4b87cb76","shasum":""},"type":"library","time":"2018-01-20T00:28:24+00:00","autoload":{"psr-4":{"Ramsey\\Uuid\\":"src/"}},"extra":{"branch-alias":{"dev-master":"3.x-dev"}},"require":{"php":"^5.4 || ^7.0","paragonie/random_compat":"^1.0|^2.0"},"require-dev":{"moontoast/math":"^1.1","ircmaxell/random-lib":"^1.1","phpunit/phpunit":"^4.7|^5.0","squizlabs/php_codesniffer":"^2.3","jakub-onderka/php-parallel-lint":"^0.9.0","mockery/mockery":"^0.9.9","goaop/framework":"1.0.0-alpha.2 | ^1.0 | ^2.1","doctrine/annotations":"~1.2.0","codeception/aspect-mock":"^1.0 | ~2.0.0","php-mock/php-mock-phpunit":"^0.3|^1.1"},"suggest":{"ircmaxell/random-lib":"Provides RandomLib for use with the RandomLibAdapter","ext-libsodium":"Provides the PECL libsodium extension for use with the SodiumRandomGenerator","ext-uuid":"Provides the PECL UUID extension for use with the PeclUuidTimeGenerator and PeclUuidRandomGenerator","moontoast/math":"Provides support for converting UUID to 128-bit integer (in string form).","ramsey/uuid-doctrine":"Allows the use of Ramsey\\Uuid\\Uuid as Doctrine field type.","ramsey/uuid-console":"A console application for generating UUIDs with ramsey/uuid"},"replace":{"rhumsaa/uuid":"self.version"},"uid":1853639},"3.8.0":{"name":"ramsey/uuid","description":"Formerly rhumsaa/uuid. A PHP 5.4+ library for generating RFC 4122 version 1, 3, 4, and 5 universally unique identifiers (UUID).","keywords":["uuid","identifier","guid"],"homepage":"https://github.com/ramsey/uuid","version":"3.8.0","version_normalized":"3.8.0.0","license":["MIT"],"authors":[{"name":"Marijn Huizendveld","email":"marijn.huizendveld@gmail.com"},{"name":"Thibaud Fabre","email":"thibaud@aztech.io"},{"name":"Ben Ramsey","email":"ben@benramsey.com","homepage":"https://benramsey.com"}],"source":{"type":"git","url":"https://github.com/ramsey/uuid.git","reference":"d09ea80159c1929d75b3f9c60504d613aeb4a1e3"},"dist":{"type":"zip","url":"https://api.github.com/repos/ramsey/uuid/zipball/d09ea80159c1929d75b3f9c60504d613aeb4a1e3","reference":"d09ea80159c1929d75b3f9c60504d613aeb4a1e3","shasum":""},"type":"library","time":"2018-07-19T23:38:55+00:00","autoload":{"psr-4":{"Ramsey\\Uuid\\":"src/"}},"extra":{"branch-alias":{"dev-master":"3.x-dev"}},"require":{"php":"^5.4 || ^7.0","paragonie/random_compat":"^1.0|^2.0|9.99.99","symfony/polyfill-ctype":"^1.8"},"require-dev":{"codeception/aspect-mock":"^1.0 | ~2.0.0","doctrine/annotations":"~1.2.0","goaop/framework":"1.0.0-alpha.2 | ^1.0 | ~2.1.0","ircmaxell/random-lib":"^1.1","jakub-onderka/php-parallel-lint":"^0.9.0","mockery/mockery":"^0.9.9","moontoast/math":"^1.1","php-mock/php-mock-phpunit":"^0.3|^1.1","phpunit/phpunit":"^4.7|^5.0|^6.5","squizlabs/php_codesniffer":"^2.3"},"suggest":{"ext-ctype":"Provides support for PHP Ctype functions","ircmaxell/random-lib":"Provides RandomLib for use with the RandomLibAdapter","ext-libsodium":"Provides the PECL libsodium extension for use with the SodiumRandomGenerator","ext-uuid":"Provides the PECL UUID extension for use with the PeclUuidTimeGenerator and PeclUuidRandomGenerator","moontoast/math":"Provides support for converting UUID to 128-bit integer (in string form).","ramsey/uuid-doctrine":"Allows the use of Ramsey\\Uuid\\Uuid as Doctrine field type.","ramsey/uuid-console":"A console application for generating UUIDs with ramsey/uuid"},"replace":{"rhumsaa/uuid":"self.version"},"uid":2345379},"3.x-dev":{"name":"ramsey/uuid","description":"Formerly rhumsaa/uuid. A PHP 5.4+ library for generating RFC 4122 version 1, 3, 4, and 5 universally unique identifiers (UUID).","keywords":["uuid","identifier","guid"],"homepage":"https://github.com/ramsey/uuid","version":"3.x-dev","version_normalized":"3.9999999.9999999.9999999-dev","license":["MIT"],"authors":[{"name":"Marijn Huizendveld","email":"marijn.huizendveld@gmail.com"},{"name":"Thibaud Fabre","email":"thibaud@aztech.io"},{"name":"Ben Ramsey","email":"ben@benramsey.com","homepage":"https://benramsey.com"}],"source":{"type":"git","url":"https://github.com/ramsey/uuid.git","reference":"4c467ce4d5a72c3cf0832c813d4d84d222c3d4bb"},"dist":{"type":"zip","url":"https://api.github.com/repos/ramsey/uuid/zipball/4c467ce4d5a72c3cf0832c813d4d84d222c3d4bb","reference":"4c467ce4d5a72c3cf0832c813d4d84d222c3d4bb","shasum":""},"type":"library","time":"2018-08-12T15:49:01+00:00","autoload":{"psr-4":{"Ramsey\\Uuid\\":"src/"}},"extra":{"branch-alias":{"dev-master":"3.x-dev"}},"require":{"php":"^5.4 || ^7.0","paragonie/random_compat":"^1.0|^2.0|9.99.99","symfony/polyfill-ctype":"^1.8","ext-json":"*"},"require-dev":{"codeception/aspect-mock":"^1.0 | ~2.0.0","doctrine/annotations":"~1.2.0","goaop/framework":"1.0.0-alpha.2 | ^1.0 | ~2.1.0","ircmaxell/random-lib":"^1.1","jakub-onderka/php-parallel-lint":"^0.9.0","mockery/mockery":"^0.9.9","moontoast/math":"^1.1","php-mock/php-mock-phpunit":"^0.3|^1.1","phpunit/phpunit":"^4.7|^5.0|^6.5","squizlabs/php_codesniffer":"^2.3"},"suggest":{"ext-ctype":"Provides support for PHP Ctype functions","ircmaxell/random-lib":"Provides RandomLib for use with the RandomLibAdapter","ext-libsodium":"Provides the PECL libsodium extension for use with the SodiumRandomGenerator","ext-uuid":"Provides the PECL UUID extension for use with the PeclUuidTimeGenerator and PeclUuidRandomGenerator","moontoast/math":"Provides support for converting UUID to 128-bit integer (in string form).","ramsey/uuid-doctrine":"Allows the use of Ramsey\\Uuid\\Uuid as Doctrine field type.","ramsey/uuid-console":"A console application for generating UUIDs with ramsey/uuid"},"replace":{"rhumsaa/uuid":"self.version"},"uid":2345388},"dev-datetime-nanoseconds":{"name":"ramsey/uuid","description":"Formerly rhumsaa/uuid. A PHP 5.4+ library for generating RFC 4122 version 1, 3, 4, and 5 universally unique identifiers (UUID).","keywords":["uuid","identifier","guid"],"homepage":"https://github.com/ramsey/uuid","version":"dev-datetime-nanoseconds","version_normalized":"dev-datetime-nanoseconds","license":["MIT"],"authors":[{"name":"Marijn Huizendveld","email":"marijn.huizendveld@gmail.com"},{"name":"Thibaud Fabre","email":"thibaud@aztech.io"},{"name":"Ben Ramsey","email":"ben@benramsey.com","homepage":"https://benramsey.com"}],"source":{"type":"git","url":"https://github.com/ramsey/uuid.git","reference":"32c3ba270498fd728fe2d7a2ef592a9d4caa27f6"},"dist":{"type":"zip","url":"https://api.github.com/repos/ramsey/uuid/zipball/32c3ba270498fd728fe2d7a2ef592a9d4caa27f6","reference":"32c3ba270498fd728fe2d7a2ef592a9d4caa27f6","shasum":""},"type":"library","time":"2015-10-25T22:37:31+00:00","autoload":{"psr-4":{"Ramsey\\Uuid\\":"src/"}},"require":{"php":">=5.4"},"require-dev":{"moontoast/math":"^1.1","ircmaxell/random-lib":"^1.1","phpunit/phpunit":"^4.7","squizlabs/php_codesniffer":"^2.3","jakub-onderka/php-parallel-lint":"^0.9.0","satooshi/php-coveralls":"^0.6.1","apigen/apigen":"^4.1"},"suggest":{"ircmaxell/random-lib":"Provides RandomLib for use with the RandomLibAdapter","ext-uuid":"Provides the PECL UUID extension for use with the PeclUuidTimeGenerator and PeclUuidRandomGenerator","moontoast/math":"Provides support for converting UUID to 128-bit integer (in string form).","ramsey/uuid-doctrine":"Allows the use of Ramsey\\Uuid\\Uuid as Doctrine field type.","ramsey/uuid-console":"A console application for generating UUIDs with ramsey/uuid"},"replace":{"rhumsaa/uuid":"self.version"},"uid":562398},"dev-master":{"name":"ramsey/uuid","description":"A PHP 7.2+ library for generating RFC 4122 version 1, 3, 4, and 5 universally unique identifiers (UUID).","keywords":["uuid","identifier","guid"],"homepage":"https://github.com/ramsey/uuid","version":"dev-master","version_normalized":"9999999-dev","license":["MIT"],"authors":[],"source":{"type":"git","url":"https://github.com/ramsey/uuid.git","reference":"bbc5eeb812ad69218a9662eba32718ff86f4b443"},"dist":{"type":"zip","url":"https://api.github.com/repos/ramsey/uuid/zipball/bbc5eeb812ad69218a9662eba32718ff86f4b443","reference":"bbc5eeb812ad69218a9662eba32718ff86f4b443","shasum":""},"type":"library","time":"2018-10-01T17:47:26+00:00","autoload":{"psr-4":{"Ramsey\\Uuid\\":"src/"}},"extra":{"branch-alias":{"dev-master":"4.x-dev"}},"require":{"symfony/polyfill-ctype":"^1.8","php":"^7.2","ext-json":"*"},"require-dev":{"jakub-onderka/php-parallel-lint":"^0.9.0","moontoast/math":"^1.1","ext-gmp":"*","codeception/aspect-mock":"~2.0.0","doctrine/annotations":"^1.2","goaop/framework":"^2.1 <2.2","mockery/mockery":"^1.0","paragonie/random-lib":"^2.0","php-mock/php-mock-phpunit":"^2.0","phpstan/phpstan-phpunit":"0.9.2","phpstan/phpstan-shim":"0.9.1","phpunit/phpunit":"^6.4","squizlabs/php_codesniffer":"^3.0"},"suggest":{"ramsey/uuid-console":"A console application for generating UUIDs with ramsey/uuid","ext-uuid":"Provides the PECL UUID extension for use with the PeclUuidTimeGenerator and PeclUuidRandomGenerator","moontoast/math":"Provides support for converting UUID to 128-bit integer (in string form).","ramsey/uuid-doctrine":"Allows the use of Ramsey\\Uuid\\Uuid as Doctrine field type.","ext-libsodium":"Provides the PECL libsodium extension for use with the SodiumRandomGenerator","ext-ctype":"Provides support for PHP Ctype functions","ext-gmp":"Provides support for converting UUID to 128-bit integer (in string form).","paragonie/random-lib":"Provides RandomLib for use with the RandomLibAdapter"},"uid":390904}}}}