{"packages":{"league/flysystem-sftp":{"1.0.0":{"name":"league/flysystem-sftp","description":"Flysystem adapter for SFTP","keywords":[],"homepage":"","version":"1.0.0","version_normalized":"1.0.0.0","license":["MIT"],"authors":[{"name":"Frank de Jonge","email":"info@frenky.net"}],"source":{"type":"git","url":"https://github.com/thephpleague/flysystem-sftp.git","reference":"f5f3f6388347b92de9b0cee9a0ec791986895bf8"},"dist":{"type":"zip","url":"https://api.github.com/repos/thephpleague/flysystem-sftp/zipball/f5f3f6388347b92de9b0cee9a0ec791986895bf8","reference":"f5f3f6388347b92de9b0cee9a0ec791986895bf8","shasum":""},"type":"library","time":"2015-01-21T22:20:20+00:00","autoload":{"psr-4":{"League\\Flysystem\\Sftp\\":"src/"}},"extra":{"branch-alias":{"dev-master":"1.0-dev"}},"require":{"php":">=5.4.0","league/flysystem":"~1.0","phpseclib/phpseclib":"~0.3.7"},"require-dev":{"phpunit/phpunit":"~4.0","mockery/mockery":"0.9.*"},"uid":311555},"1.0.1":{"name":"league/flysystem-sftp","description":"Flysystem adapter for SFTP","keywords":[],"homepage":"","version":"1.0.1","version_normalized":"1.0.1.0","license":["MIT"],"authors":[{"name":"Frank de Jonge","email":"info@frenky.net"}],"source":{"type":"git","url":"https://github.com/thephpleague/flysystem-sftp.git","reference":"7094b5ddea6262f5e29596609dccae041ed108df"},"dist":{"type":"zip","url":"https://api.github.com/repos/thephpleague/flysystem-sftp/zipball/7094b5ddea6262f5e29596609dccae041ed108df","reference":"7094b5ddea6262f5e29596609dccae041ed108df","shasum":""},"type":"library","time":"2015-02-01T16:15:51+00:00","autoload":{"psr-4":{"League\\Flysystem\\Sftp\\":"src/"}},"extra":{"branch-alias":{"dev-master":"1.0-dev"}},"require":{"php":">=5.4.0","league/flysystem":"~1.0","phpseclib/phpseclib":"~0.3.8"},"require-dev":{"phpunit/phpunit":"~4.0","mockery/mockery":"0.9.*"},"uid":319862},"1.0.10":{"name":"league/flysystem-sftp","description":"Flysystem adapter for SFTP","keywords":[],"homepage":"","version":"1.0.10","version_normalized":"1.0.10.0","license":["MIT"],"authors":[{"name":"Frank de Jonge","email":"info@frenky.net"}],"source":{"type":"git","url":"https://github.com/thephpleague/flysystem-sftp.git","reference":"b94194e723df3ed7c8c7939ff83d75f35f58fd2a"},"dist":{"type":"zip","url":"https://api.github.com/repos/thephpleague/flysystem-sftp/zipball/b94194e723df3ed7c8c7939ff83d75f35f58fd2a","reference":"b94194e723df3ed7c8c7939ff83d75f35f58fd2a","shasum":""},"type":"library","time":"2016-07-11T07:30:54+00:00","autoload":{"psr-4":{"League\\Flysystem\\Sftp\\":"src/"}},"extra":{"branch-alias":{"dev-master":"1.0-dev"}},"require":{"php":">=5.4.0","league/flysystem":"~1.0","phpseclib/phpseclib":"~2.0"},"require-dev":{"phpunit/phpunit":"~4.0","mockery/mockery":"0.9.*"},"uid":896867},"1.0.11":{"name":"league/flysystem-sftp","description":"Flysystem adapter for SFTP","keywords":[],"homepage":"","version":"1.0.11","version_normalized":"1.0.11.0","license":["MIT"],"authors":[{"name":"Frank de Jonge","email":"info@frenky.net"}],"source":{"type":"git","url":"https://github.com/thephpleague/flysystem-sftp.git","reference":"b18bbd528002f7633bbd0bc41b59285efe273c23"},"dist":{"type":"zip","url":"https://api.github.com/repos/thephpleague/flysystem-sftp/zipball/b18bbd528002f7633bbd0bc41b59285efe273c23","reference":"b18bbd528002f7633bbd0bc41b59285efe273c23","shasum":""},"type":"library","time":"2016-10-17T18:14:53+00:00","autoload":{"psr-4":{"League\\Flysystem\\Sftp\\":"src/"}},"extra":{"branch-alias":{"dev-master":"1.0-dev"}},"require":{"php":">=5.4.0","league/flysystem":"~1.0","phpseclib/phpseclib":"~2.0"},"require-dev":{"phpunit/phpunit":"~4.0","mockery/mockery":"0.9.*"},"uid":1040817},"1.0.12":{"name":"league/flysystem-sftp","description":"Flysystem adapter for SFTP","keywords":[],"homepage":"","version":"1.0.12","version_normalized":"1.0.12.0","license":["MIT"],"authors":[{"name":"Frank de Jonge","email":"info@frenky.net"}],"source":{"type":"git","url":"https://github.com/thephpleague/flysystem-sftp.git","reference":"b0af1abf18788610da4f1e8bd64b72f6c686d3b6"},"dist":{"type":"zip","url":"https://api.github.com/repos/thephpleague/flysystem-sftp/zipball/b0af1abf18788610da4f1e8bd64b72f6c686d3b6","reference":"b0af1abf18788610da4f1e8bd64b72f6c686d3b6","shasum":""},"type":"library","time":"2016-10-17T23:19:19+00:00","autoload":{"psr-4":{"League\\Flysystem\\Sftp\\":"src/"}},"extra":{"branch-alias":{"dev-master":"1.0-dev"}},"require":{"php":">=5.4.0","league/flysystem":"~1.0","phpseclib/phpseclib":"~2.0"},"require-dev":{"phpunit/phpunit":"~4.0","mockery/mockery":"0.9.*"},"uid":1041083},"1.0.13":{"name":"league/flysystem-sftp","description":"Flysystem adapter for SFTP","keywords":[],"homepage":"","version":"1.0.13","version_normalized":"1.0.13.0","license":["MIT"],"authors":[{"name":"Frank de Jonge","email":"info@frenky.net"}],"source":{"type":"git","url":"https://github.com/thephpleague/flysystem-sftp.git","reference":"ae7fb1f30a2db3fa5ca3e7db4b42124d7c3a053a"},"dist":{"type":"zip","url":"https://api.github.com/repos/thephpleague/flysystem-sftp/zipball/ae7fb1f30a2db3fa5ca3e7db4b42124d7c3a053a","reference":"ae7fb1f30a2db3fa5ca3e7db4b42124d7c3a053a","shasum":""},"type":"library","time":"2016-12-08T21:28:01+00:00","autoload":{"psr-4":{"League\\Flysystem\\Sftp\\":"src/"}},"extra":{"branch-alias":{"dev-master":"1.0-dev"}},"require":{"php":">=5.4.0","league/flysystem":"~1.0","phpseclib/phpseclib":"~2.0"},"require-dev":{"phpunit/phpunit":"~4.0","mockery/mockery":"0.9.*"},"uid":1118713},"1.0.14":{"name":"league/flysystem-sftp","description":"Flysystem adapter for SFTP","keywords":[],"homepage":"","version":"1.0.14","version_normalized":"1.0.14.0","license":["MIT"],"authors":[{"name":"Frank de Jonge","email":"info@frenky.net"}],"source":{"type":"git","url":"https://github.com/thephpleague/flysystem-sftp.git","reference":"f28d742a3e81258417293fd9a179a350154ab8f7"},"dist":{"type":"zip","url":"https://api.github.com/repos/thephpleague/flysystem-sftp/zipball/f28d742a3e81258417293fd9a179a350154ab8f7","reference":"f28d742a3e81258417293fd9a179a350154ab8f7","shasum":""},"type":"library","time":"2017-07-11T12:29:45+00:00","autoload":{"psr-4":{"League\\Flysystem\\Sftp\\":"src/"}},"extra":{"branch-alias":{"dev-master":"1.0-dev"}},"require":{"php":">=5.4.0","league/flysystem":"~1.0","phpseclib/phpseclib":"~2.0"},"require-dev":{"phpunit/phpunit":"~4.0","mockery/mockery":"0.9.*"},"uid":1493254},"1.0.15":{"name":"league/flysystem-sftp","description":"Flysystem adapter for SFTP","keywords":[],"homepage":"","version":"1.0.15","version_normalized":"1.0.15.0","license":["MIT"],"authors":[{"name":"Frank de Jonge","email":"info@frenky.net"}],"source":{"type":"git","url":"https://github.com/thephpleague/flysystem-sftp.git","reference":"a526a3fc254f7d38f9cb362a39ad05e728876c97"},"dist":{"type":"zip","url":"https://api.github.com/repos/thephpleague/flysystem-sftp/zipball/a526a3fc254f7d38f9cb362a39ad05e728876c97","reference":"a526a3fc254f7d38f9cb362a39ad05e728876c97","shasum":""},"type":"library","time":"2017-11-16T10:41:52+00:00","autoload":{"psr-4":{"League\\Flysystem\\Sftp\\":"src/"}},"require":{"php":">=5.6.0","league/flysystem":"~1.0","phpseclib/phpseclib":"~2.0"},"require-dev":{"mockery/mockery":"0.9.*","phpunit/phpunit":"^5.7.25"},"uid":1730344},"1.0.16":{"name":"league/flysystem-sftp","description":"Flysystem adapter for SFTP","keywords":[],"homepage":"","version":"1.0.16","version_normalized":"1.0.16.0","license":["MIT"],"authors":[{"name":"Frank de Jonge","email":"info@frenky.net"}],"source":{"type":"git","url":"https://github.com/thephpleague/flysystem-sftp.git","reference":"322839636847e0dba0f714e9ad0db813d65efcf2"},"dist":{"type":"zip","url":"https://api.github.com/repos/thephpleague/flysystem-sftp/zipball/322839636847e0dba0f714e9ad0db813d65efcf2","reference":"322839636847e0dba0f714e9ad0db813d65efcf2","shasum":""},"type":"library","time":"2018-07-08T21:01:51+00:00","autoload":{"psr-4":{"League\\Flysystem\\Sftp\\":"src/"}},"require":{"php":">=5.6.0","league/flysystem":"~1.0","phpseclib/phpseclib":"~2.0"},"require-dev":{"mockery/mockery":"0.9.*","phpunit/phpunit":"^5.7.25"},"uid":2318007},"1.0.2":{"name":"league/flysystem-sftp","description":"Flysystem adapter for SFTP","keywords":[],"homepage":"","version":"1.0.2","version_normalized":"1.0.2.0","license":["MIT"],"authors":[{"name":"Frank de Jonge","email":"info@frenky.net"}],"source":{"type":"git","url":"https://github.com/thephpleague/flysystem-sftp.git","reference":"df8f5453d7ecee5dff35572d84510387e8e8cf12"},"dist":{"type":"zip","url":"https://api.github.com/repos/thephpleague/flysystem-sftp/zipball/df8f5453d7ecee5dff35572d84510387e8e8cf12","reference":"df8f5453d7ecee5dff35572d84510387e8e8cf12","shasum":""},"type":"library","time":"2015-02-23T20:04:22+00:00","autoload":{"psr-4":{"League\\Flysystem\\Sftp\\":"src/"}},"extra":{"branch-alias":{"dev-master":"1.0-dev"}},"require":{"php":">=5.4.0","league/flysystem":"~1.0","phpseclib/phpseclib":"~0.3.8"},"require-dev":{"phpunit/phpunit":"~4.0","mockery/mockery":"0.9.*"},"uid":339153},"1.0.3":{"name":"league/flysystem-sftp","description":"Flysystem adapter for SFTP","keywords":[],"homepage":"","version":"1.0.3","version_normalized":"1.0.3.0","license":["MIT"],"authors":[{"name":"Frank de Jonge","email":"info@frenky.net"}],"source":{"type":"git","url":"https://github.com/thephpleague/flysystem-sftp.git","reference":"ddd4c2cfe9be7482667a596f916479622ed2ae2e"},"dist":{"type":"zip","url":"https://api.github.com/repos/thephpleague/flysystem-sftp/zipball/ddd4c2cfe9be7482667a596f916479622ed2ae2e","reference":"ddd4c2cfe9be7482667a596f916479622ed2ae2e","shasum":""},"type":"library","time":"2015-03-10T15:16:27+00:00","autoload":{"psr-4":{"League\\Flysystem\\Sftp\\":"src/"}},"extra":{"branch-alias":{"dev-master":"1.0-dev"}},"require":{"php":">=5.4.0","league/flysystem":"~1.0","phpseclib/phpseclib":"~0.3.8"},"require-dev":{"phpunit/phpunit":"~4.0","mockery/mockery":"0.9.*"},"uid":352906},"1.0.4":{"name":"league/flysystem-sftp","description":"Flysystem adapter for SFTP","keywords":[],"homepage":"","version":"1.0.4","version_normalized":"1.0.4.0","license":["MIT"],"authors":[{"name":"Frank de Jonge","email":"info@frenky.net"}],"source":{"type":"git","url":"https://github.com/thephpleague/flysystem-sftp.git","reference":"c0646ab870843f60bb0af51c9c8055f042e647ee"},"dist":{"type":"zip","url":"https://api.github.com/repos/thephpleague/flysystem-sftp/zipball/c0646ab870843f60bb0af51c9c8055f042e647ee","reference":"c0646ab870843f60bb0af51c9c8055f042e647ee","shasum":""},"type":"library","time":"2015-04-16T11:42:20+00:00","autoload":{"psr-4":{"League\\Flysystem\\Sftp\\":"src/"}},"extra":{"branch-alias":{"dev-master":"1.0-dev"}},"require":{"php":">=5.4.0","league/flysystem":"~1.0","phpseclib/phpseclib":"~0.3.8"},"require-dev":{"phpunit/phpunit":"~4.0","mockery/mockery":"0.9.*"},"uid":383254},"1.0.5":{"name":"league/flysystem-sftp","description":"Flysystem adapter for SFTP","keywords":[],"homepage":"","version":"1.0.5","version_normalized":"1.0.5.0","license":["MIT"],"authors":[{"name":"Frank de Jonge","email":"info@frenky.net"}],"source":{"type":"git","url":"https://github.com/thephpleague/flysystem-sftp.git","reference":"ef396e3d65bd7a2ae4ff5a8e364690b664154361"},"dist":{"type":"zip","url":"https://api.github.com/repos/thephpleague/flysystem-sftp/zipball/ef396e3d65bd7a2ae4ff5a8e364690b664154361","reference":"ef396e3d65bd7a2ae4ff5a8e364690b664154361","shasum":""},"type":"library","time":"2015-05-26T13:41:36+00:00","autoload":{"psr-4":{"League\\Flysystem\\Sftp\\":"src/"}},"extra":{"branch-alias":{"dev-master":"1.0-dev"}},"require":{"php":">=5.4.0","league/flysystem":"~1.0","phpseclib/phpseclib":"~0.3.8"},"require-dev":{"phpunit/phpunit":"~4.0","mockery/mockery":"0.9.*"},"uid":416328},"1.0.6":{"name":"league/flysystem-sftp","description":"Flysystem adapter for SFTP","keywords":[],"homepage":"","version":"1.0.6","version_normalized":"1.0.6.0","license":["MIT"],"authors":[{"name":"Frank de Jonge","email":"info@frenky.net"}],"source":{"type":"git","url":"https://github.com/thephpleague/flysystem-sftp.git","reference":"4ff3252abbb3091a9e66a48c7842218d23ccec8f"},"dist":{"type":"zip","url":"https://api.github.com/repos/thephpleague/flysystem-sftp/zipball/4ff3252abbb3091a9e66a48c7842218d23ccec8f","reference":"4ff3252abbb3091a9e66a48c7842218d23ccec8f","shasum":""},"type":"library","time":"2015-09-20T13:14:14+00:00","autoload":{"psr-4":{"League\\Flysystem\\Sftp\\":"src/"}},"extra":{"branch-alias":{"dev-master":"1.0-dev"}},"require":{"php":">=5.4.0","league/flysystem":"~1.0","phpseclib/phpseclib":"~0.3.8"},"require-dev":{"phpunit/phpunit":"~4.0","mockery/mockery":"0.9.*"},"uid":527083},"1.0.7":{"name":"league/flysystem-sftp","description":"Flysystem adapter for SFTP","keywords":[],"homepage":"","version":"1.0.7","version_normalized":"1.0.7.0","license":["MIT"],"authors":[{"name":"Frank de Jonge","email":"info@frenky.net"}],"source":{"type":"git","url":"https://github.com/thephpleague/flysystem-sftp.git","reference":"5e3f97aa68f4195ebc26ad22687cc9325e5a4978"},"dist":{"type":"zip","url":"https://api.github.com/repos/thephpleague/flysystem-sftp/zipball/5e3f97aa68f4195ebc26ad22687cc9325e5a4978","reference":"5e3f97aa68f4195ebc26ad22687cc9325e5a4978","shasum":""},"type":"library","time":"2015-10-25T21:59:40+00:00","autoload":{"psr-4":{"League\\Flysystem\\Sftp\\":"src/"}},"extra":{"branch-alias":{"dev-master":"1.0-dev"}},"require":{"php":">=5.4.0","league/flysystem":"~1.0","phpseclib/phpseclib":"~2.0"},"require-dev":{"phpunit/phpunit":"~4.0","mockery/mockery":"0.9.*"},"uid":562375},"1.0.8":{"name":"league/flysystem-sftp","description":"Flysystem adapter for SFTP","keywords":[],"homepage":"","version":"1.0.8","version_normalized":"1.0.8.0","license":["MIT"],"authors":[{"name":"Frank de Jonge","email":"info@frenky.net"}],"source":{"type":"git","url":"https://github.com/thephpleague/flysystem-sftp.git","reference":"c32e064127625054e1356bd154d9c8a284fce8f3"},"dist":{"type":"zip","url":"https://api.github.com/repos/thephpleague/flysystem-sftp/zipball/c32e064127625054e1356bd154d9c8a284fce8f3","reference":"c32e064127625054e1356bd154d9c8a284fce8f3","shasum":""},"type":"library","time":"2015-12-08T14:46:21+00:00","autoload":{"psr-4":{"League\\Flysystem\\Sftp\\":"src/"}},"extra":{"branch-alias":{"dev-master":"1.0-dev"}},"require":{"php":">=5.4.0","league/flysystem":"~1.0","phpseclib/phpseclib":"~2.0"},"require-dev":{"phpunit/phpunit":"~4.0","mockery/mockery":"0.9.*"},"uid":614165},"1.0.9":{"name":"league/flysystem-sftp","description":"Flysystem adapter for SFTP","keywords":[],"homepage":"","version":"1.0.9","version_normalized":"1.0.9.0","license":["MIT"],"authors":[{"name":"Frank de Jonge","email":"info@frenky.net"}],"source":{"type":"git","url":"https://github.com/thephpleague/flysystem-sftp.git","reference":"d20a70c3528f0919d397d6dab16dfa19ee4f7641"},"dist":{"type":"zip","url":"https://api.github.com/repos/thephpleague/flysystem-sftp/zipball/d20a70c3528f0919d397d6dab16dfa19ee4f7641","reference":"d20a70c3528f0919d397d6dab16dfa19ee4f7641","shasum":""},"type":"library","time":"2016-02-19T15:56:00+00:00","autoload":{"psr-4":{"League\\Flysystem\\Sftp\\":"src/"}},"extra":{"branch-alias":{"dev-master":"1.0-dev"}},"require":{"php":">=5.4.0","league/flysystem":"~1.0","phpseclib/phpseclib":"~2.0"},"require-dev":{"phpunit/phpunit":"~4.0","mockery/mockery":"0.9.*"},"uid":704905},"dev-master":{"name":"league/flysystem-sftp","description":"Flysystem adapter for SFTP","keywords":[],"homepage":"","version":"dev-master","version_normalized":"9999999-dev","license":["MIT"],"authors":[{"name":"Frank de Jonge","email":"info@frenky.net"}],"source":{"type":"git","url":"https://github.com/thephpleague/flysystem-sftp.git","reference":"322839636847e0dba0f714e9ad0db813d65efcf2"},"dist":{"type":"zip","url":"https://api.github.com/repos/thephpleague/flysystem-sftp/zipball/322839636847e0dba0f714e9ad0db813d65efcf2","reference":"322839636847e0dba0f714e9ad0db813d65efcf2","shasum":""},"type":"library","time":"2018-07-08T21:01:51+00:00","autoload":{"psr-4":{"League\\Flysystem\\Sftp\\":"src/"}},"require":{"league/flysystem":"~1.0","phpseclib/phpseclib":"~2.0","php":">=5.6.0"},"require-dev":{"mockery/mockery":"0.9.*","phpunit/phpunit":"^5.7.25"},"uid":308233}}}}