{"packages":{"sebastian/resource-operations":{"1.0.0":{"name":"sebastian/resource-operations","description":"Provides a list of PHP built-in functions that operate on resources","keywords":[],"homepage":"https://www.github.com/sebastianbergmann/resource-operations","version":"1.0.0","version_normalized":"1.0.0.0","license":["BSD-3-Clause"],"authors":[{"name":"Sebastian Bergmann","email":"sebastian@phpunit.de"}],"source":{"type":"git","url":"https://github.com/sebastianbergmann/resource-operations.git","reference":"ce990bb21759f94aeafd30209e8cfcdfa8bc3f52"},"dist":{"type":"zip","url":"https://api.github.com/repos/sebastianbergmann/resource-operations/zipball/ce990bb21759f94aeafd30209e8cfcdfa8bc3f52","reference":"ce990bb21759f94aeafd30209e8cfcdfa8bc3f52","shasum":""},"type":"library","time":"2015-07-28T20:34:47+00:00","autoload":{"classmap":["src/"]},"extra":{"branch-alias":{"dev-master":"1.0.x-dev"}},"require":{"php":">=5.6.0"},"uid":537816},"2.0.0":{"name":"sebastian/resource-operations","description":"Provides a list of PHP built-in functions that operate on resources","keywords":[],"homepage":"https://www.github.com/sebastianbergmann/resource-operations","version":"2.0.0","version_normalized":"2.0.0.0","license":["BSD-3-Clause"],"authors":[{"name":"Sebastian Bergmann","email":"sebastian@phpunit.de"}],"source":{"type":"git","url":"https://github.com/sebastianbergmann/resource-operations.git","reference":"756a75a44cb3164fd47435c36336e464c5028b34"},"dist":{"type":"zip","url":"https://api.github.com/repos/sebastianbergmann/resource-operations/zipball/756a75a44cb3164fd47435c36336e464c5028b34","reference":"756a75a44cb3164fd47435c36336e464c5028b34","shasum":""},"type":"library","time":"2018-09-27T10:49:20+00:00","autoload":{"classmap":["src/"]},"extra":{"branch-alias":[]},"require":{"php":"^7.1"},"uid":2489195},"2.0.1":{"name":"sebastian/resource-operations","description":"Provides a list of PHP built-in functions that operate on resources","keywords":[],"homepage":"https://www.github.com/sebastianbergmann/resource-operations","version":"2.0.1","version_normalized":"2.0.1.0","license":["BSD-3-Clause"],"authors":[{"name":"Sebastian Bergmann","email":"sebastian@phpunit.de"}],"source":{"type":"git","url":"https://github.com/sebastianbergmann/resource-operations.git","reference":"4d7a795d35b889bf80a0cc04e08d77cedfa917a9"},"dist":{"type":"zip","url":"https://api.github.com/repos/sebastianbergmann/resource-operations/zipball/4d7a795d35b889bf80a0cc04e08d77cedfa917a9","reference":"4d7a795d35b889bf80a0cc04e08d77cedfa917a9","shasum":""},"type":"library","time":"2018-10-04T04:07:39+00:00","autoload":{"classmap":["src/"]},"extra":{"branch-alias":{"dev-master":"2.0-dev"}},"require":{"php":"^7.1"},"uid":2500365},"dev-master":{"name":"sebastian/resource-operations","description":"Provides a list of PHP built-in functions that operate on resources","keywords":[],"homepage":"https://www.github.com/sebastianbergmann/resource-operations","version":"dev-master","version_normalized":"9999999-dev","license":["BSD-3-Clause"],"authors":[{"name":"Sebastian Bergmann","email":"sebastian@phpunit.de"}],"source":{"type":"git","url":"https://github.com/sebastianbergmann/resource-operations.git","reference":"4d7a795d35b889bf80a0cc04e08d77cedfa917a9"},"dist":{"type":"zip","url":"https://api.github.com/repos/sebastianbergmann/resource-operations/zipball/4d7a795d35b889bf80a0cc04e08d77cedfa917a9","reference":"4d7a795d35b889bf80a0cc04e08d77cedfa917a9","shasum":""},"type":"library","time":"2018-10-04T04:07:39+00:00","autoload":{"classmap":["src/"]},"extra":{"branch-alias":{"dev-master":"2.0-dev"}},"require":{"php":"^7.1"},"uid":465771}}}}