{"packages":{"jakub-onderka/php-console-color":{"0.1":{"name":"jakub-onderka/php-console-color","description":"","keywords":[],"homepage":"","version":"0.1","version_normalized":"0.1.0.0","license":["BSD-2-Clause"],"authors":[{"name":"Jakub Onderka","email":"jakub.onderka@gmail.com","homepage":"http://www.acci.cz"}],"source":{"type":"git","url":"https://github.com/JakubOnderka/PHP-Console-Color.git","reference":"e0b393dacf7703fc36a4efc3df1435485197e6c1"},"dist":{"type":"zip","url":"https://api.github.com/repos/JakubOnderka/PHP-Console-Color/zipball/e0b393dacf7703fc36a4efc3df1435485197e6c1","reference":"e0b393dacf7703fc36a4efc3df1435485197e6c1","shasum":""},"type":"library","time":"2014-04-08T15:00:19+00:00","autoload":{"psr-0":{"JakubOnderka\\PhpConsoleColor":"src/"}},"require":{"php":">=5.3.2"},"require-dev":{"phpunit/phpunit":"3.7.*","jakub-onderka/php-parallel-lint":"0.*","jakub-onderka/php-var-dump-check":"0.*","squizlabs/php_codesniffer":"1.*","jakub-onderka/php-code-style":"1.0"},"uid":156240},"dev-master":{"name":"jakub-onderka/php-console-color","description":"","keywords":[],"homepage":"","version":"dev-master","version_normalized":"9999999-dev","license":["BSD-2-Clause"],"authors":[{"name":"Jakub Onderka","email":"jakub.onderka@gmail.com"}],"source":{"type":"git","url":"https://github.com/JakubOnderka/PHP-Console-Color.git","reference":"d5deaecff52a0d61ccb613bb3804088da0307191"},"dist":{"type":"zip","url":"https://api.github.com/repos/JakubOnderka/PHP-Console-Color/zipball/d5deaecff52a0d61ccb613bb3804088da0307191","reference":"d5deaecff52a0d61ccb613bb3804088da0307191","shasum":""},"type":"library","time":"2018-09-29T17:23:10+00:00","autoload":{"psr-4":{"JakubOnderka\\PhpConsoleColor\\":"src/"}},"require":{"php":">=5.4.0"},"require-dev":{"jakub-onderka/php-var-dump-check":"0.*","squizlabs/php_codesniffer":"1.*","jakub-onderka/php-code-style":"1.0","phpunit/phpunit":"~4.3","jakub-onderka/php-parallel-lint":"1.0"},"uid":155711},"v0.2":{"name":"jakub-onderka/php-console-color","description":"","keywords":[],"homepage":"","version":"v0.2","version_normalized":"0.2.0.0","license":["BSD-2-Clause"],"authors":[{"name":"Jakub Onderka","email":"jakub.onderka@gmail.com"}],"source":{"type":"git","url":"https://github.com/JakubOnderka/PHP-Console-Color.git","reference":"d5deaecff52a0d61ccb613bb3804088da0307191"},"dist":{"type":"zip","url":"https://api.github.com/repos/JakubOnderka/PHP-Console-Color/zipball/d5deaecff52a0d61ccb613bb3804088da0307191","reference":"d5deaecff52a0d61ccb613bb3804088da0307191","shasum":""},"type":"library","time":"2018-09-29T17:23:10+00:00","autoload":{"psr-4":{"JakubOnderka\\PhpConsoleColor\\":"src/"}},"require":{"php":">=5.4.0"},"require-dev":{"phpunit/phpunit":"~4.3","jakub-onderka/php-parallel-lint":"1.0","jakub-onderka/php-var-dump-check":"0.*","squizlabs/php_codesniffer":"1.*","jakub-onderka/php-code-style":"1.0"},"uid":2492283}}}}