{"packages":{"phpdocumentor/reflection-common":{"0.1":{"name":"phpdocumentor/reflection-common","description":"Common reflection classes used by phpdocumentor to reflect the code structure","keywords":["phpdoc","reflection","static analysis","phpDocumentor","FQSEN"],"homepage":"http://www.phpdoc.org","version":"0.1","version_normalized":"0.1.0.0","license":["MIT"],"authors":[{"name":"Jaap van Otterdijk","email":"opensource@ijaap.nl"}],"source":{"type":"git","url":"https://github.com/phpDocumentor/ReflectionCommon.git","reference":"f10c8a4e2afd1b106550b0a5b0e8db81742377f1"},"dist":{"type":"zip","url":"https://api.github.com/repos/phpDocumentor/ReflectionCommon/zipball/f10c8a4e2afd1b106550b0a5b0e8db81742377f1","reference":"f10c8a4e2afd1b106550b0a5b0e8db81742377f1","shasum":""},"type":"library","time":"2015-06-12T17:27:38+00:00","autoload":{"psr-4":{"phpDocumentor\\Reflection\\":["src"]}},"extra":{"branch-alias":{"dev-master":"1.0.x-dev"}},"require-dev":{"phpunit/phpunit":"^4.6"},"uid":432172},"0.2":{"name":"phpdocumentor/reflection-common","description":"Common reflection classes used by phpdocumentor to reflect the code structure","keywords":["phpdoc","reflection","static analysis","phpDocumentor","FQSEN"],"homepage":"http://www.phpdoc.org","version":"0.2","version_normalized":"0.2.0.0","license":["MIT"],"authors":[{"name":"Jaap van Otterdijk","email":"opensource@ijaap.nl"}],"source":{"type":"git","url":"https://github.com/phpDocumentor/ReflectionCommon.git","reference":"8dfc66d8a72f6741ed9f5a39227f99f78ae8d9a5"},"dist":{"type":"zip","url":"https://api.github.com/repos/phpDocumentor/ReflectionCommon/zipball/8dfc66d8a72f6741ed9f5a39227f99f78ae8d9a5","reference":"8dfc66d8a72f6741ed9f5a39227f99f78ae8d9a5","shasum":""},"type":"library","time":"2015-08-09T12:13:56+00:00","autoload":{"psr-4":{"phpDocumentor\\Reflection\\":["src"]}},"extra":{"branch-alias":{"dev-master":"1.0.x-dev"}},"require":{"php":">=5.5"},"require-dev":{"phpunit/phpunit":"^4.6"},"uid":586998},"0.3":{"name":"phpdocumentor/reflection-common","description":"Common reflection classes used by phpdocumentor to reflect the code structure","keywords":["phpdoc","reflection","static analysis","phpDocumentor","FQSEN"],"homepage":"http://www.phpdoc.org","version":"0.3","version_normalized":"0.3.0.0","license":["MIT"],"authors":[{"name":"Jaap van Otterdijk","email":"opensource@ijaap.nl"}],"source":{"type":"git","url":"https://github.com/phpDocumentor/ReflectionCommon.git","reference":"144c307535e82c8fdcaacbcfc1d6d8eeb896687c"},"dist":{"type":"zip","url":"https://api.github.com/repos/phpDocumentor/ReflectionCommon/zipball/144c307535e82c8fdcaacbcfc1d6d8eeb896687c","reference":"144c307535e82c8fdcaacbcfc1d6d8eeb896687c","shasum":""},"type":"library","time":"2015-12-27T11:43:31+00:00","autoload":{"psr-4":{"phpDocumentor\\Reflection\\":["src"]}},"extra":{"branch-alias":{"dev-master":"1.0.x-dev"}},"require":{"php":">=5.5"},"require-dev":{"phpunit/phpunit":"^4.6"},"uid":635961},"1.0":{"name":"phpdocumentor/reflection-common","description":"Common reflection classes used by phpdocumentor to reflect the code structure","keywords":["phpdoc","reflection","static analysis","phpDocumentor","FQSEN"],"homepage":"http://www.phpdoc.org","version":"1.0","version_normalized":"1.0.0.0","license":["MIT"],"authors":[{"name":"Jaap van Otterdijk","email":"opensource@ijaap.nl"}],"source":{"type":"git","url":"https://github.com/phpDocumentor/ReflectionCommon.git","reference":"144c307535e82c8fdcaacbcfc1d6d8eeb896687c"},"dist":{"type":"zip","url":"https://api.github.com/repos/phpDocumentor/ReflectionCommon/zipball/144c307535e82c8fdcaacbcfc1d6d8eeb896687c","reference":"144c307535e82c8fdcaacbcfc1d6d8eeb896687c","shasum":""},"type":"library","time":"2015-12-27T11:43:31+00:00","autoload":{"psr-4":{"phpDocumentor\\Reflection\\":["src"]}},"extra":{"branch-alias":{"dev-master":"1.0.x-dev"}},"require":{"php":">=5.5"},"require-dev":{"phpunit/phpunit":"^4.6"},"uid":689443},"1.0.1":{"name":"phpdocumentor/reflection-common","description":"Common reflection classes used by phpdocumentor to reflect the code structure","keywords":["phpdoc","reflection","static analysis","phpDocumentor","FQSEN"],"homepage":"http://www.phpdoc.org","version":"1.0.1","version_normalized":"1.0.1.0","license":["MIT"],"authors":[{"name":"Jaap van Otterdijk","email":"opensource@ijaap.nl"}],"source":{"type":"git","url":"https://github.com/phpDocumentor/ReflectionCommon.git","reference":"21bdeb5f65d7ebf9f43b1b25d404f87deab5bfb6"},"dist":{"type":"zip","url":"https://api.github.com/repos/phpDocumentor/ReflectionCommon/zipball/21bdeb5f65d7ebf9f43b1b25d404f87deab5bfb6","reference":"21bdeb5f65d7ebf9f43b1b25d404f87deab5bfb6","shasum":""},"type":"library","time":"2017-09-11T18:02:19+00:00","autoload":{"psr-4":{"phpDocumentor\\Reflection\\":["src"]}},"extra":{"branch-alias":{"dev-master":"1.0.x-dev"}},"require":{"php":">=5.5"},"require-dev":{"phpunit/phpunit":"^4.6"},"uid":1605281},"2.0.0-alpha1":{"name":"phpdocumentor/reflection-common","description":"Common reflection classes used by phpdocumentor to reflect the code structure","keywords":["phpdoc","reflection","static analysis","phpDocumentor","FQSEN"],"homepage":"http://www.phpdoc.org","version":"2.0.0-alpha1","version_normalized":"2.0.0.0-alpha1","license":["MIT"],"authors":[{"name":"Jaap van Otterdijk","email":"opensource@ijaap.nl"}],"source":{"type":"git","url":"https://github.com/phpDocumentor/ReflectionCommon.git","reference":"e8e68dc40f300e50f5a3b254bd7b41eecdc4ddca"},"dist":{"type":"zip","url":"https://api.github.com/repos/phpDocumentor/ReflectionCommon/zipball/e8e68dc40f300e50f5a3b254bd7b41eecdc4ddca","reference":"e8e68dc40f300e50f5a3b254bd7b41eecdc4ddca","shasum":""},"type":"library","time":"2018-01-18T22:08:35+00:00","autoload":{"psr-4":{"phpDocumentor\\Reflection\\":["src"]}},"extra":{"branch-alias":{"dev-master":"1.0.x-dev"}},"require":{"php":">=7.1"},"require-dev":{"phpunit/phpunit":"^6.5"},"uid":1871232},"2.0.0-alpha2":{"name":"phpdocumentor/reflection-common","description":"Common reflection classes used by phpdocumentor to reflect the code structure","keywords":["phpdoc","reflection","static analysis","phpDocumentor","FQSEN"],"homepage":"http://www.phpdoc.org","version":"2.0.0-alpha2","version_normalized":"2.0.0.0-alpha2","license":["MIT"],"authors":[{"name":"Jaap van Otterdijk","email":"opensource@ijaap.nl"}],"source":{"type":"git","url":"https://github.com/phpDocumentor/ReflectionCommon.git","reference":"b775523cbbcbbcdd54f6a9dc0902ebe8c76ff511"},"dist":{"type":"zip","url":"https://api.github.com/repos/phpDocumentor/ReflectionCommon/zipball/b775523cbbcbbcdd54f6a9dc0902ebe8c76ff511","reference":"b775523cbbcbbcdd54f6a9dc0902ebe8c76ff511","shasum":""},"type":"library","time":"2018-02-14T18:51:33+00:00","autoload":{"psr-4":{"phpDocumentor\\Reflection\\":["src"]}},"extra":{"branch-alias":{"dev-master":"2.x-dev"}},"require":{"php":">=7.1"},"require-dev":{"phpunit/phpunit":"^6"},"uid":1916574},"2.0.0-alpha3":{"name":"phpdocumentor/reflection-common","description":"Common reflection classes used by phpdocumentor to reflect the code structure","keywords":["phpdoc","reflection","static analysis","phpDocumentor","FQSEN"],"homepage":"http://www.phpdoc.org","version":"2.0.0-alpha3","version_normalized":"2.0.0.0-alpha3","license":["MIT"],"authors":[{"name":"Jaap van Otterdijk","email":"opensource@ijaap.nl"}],"source":{"type":"git","url":"https://github.com/phpDocumentor/ReflectionCommon.git","reference":"eedd98e8bc9cfd924f056b4b5847066d4a250d2f"},"dist":{"type":"zip","url":"https://api.github.com/repos/phpDocumentor/ReflectionCommon/zipball/eedd98e8bc9cfd924f056b4b5847066d4a250d2f","reference":"eedd98e8bc9cfd924f056b4b5847066d4a250d2f","shasum":""},"type":"library","time":"2018-06-13T21:44:20+00:00","autoload":{"psr-4":{"phpDocumentor\\Reflection\\":["src"]}},"extra":{"branch-alias":{"dev-master":"2.x-dev"}},"require":{"php":">=7.1"},"require-dev":{"phpunit/phpunit":"^6"},"uid":2260730},"2.0.0-beta1":{"name":"phpdocumentor/reflection-common","description":"Common reflection classes used by phpdocumentor to reflect the code structure","keywords":["phpdoc","reflection","static analysis","phpDocumentor","FQSEN"],"homepage":"http://www.phpdoc.org","version":"2.0.0-beta1","version_normalized":"2.0.0.0-beta1","license":["MIT"],"authors":[{"name":"Jaap van Otterdijk","email":"opensource@ijaap.nl"}],"source":{"type":"git","url":"https://github.com/phpDocumentor/ReflectionCommon.git","reference":"63a995caa1ca9e5590304cd845c15ad6d482a62a"},"dist":{"type":"zip","url":"https://api.github.com/repos/phpDocumentor/ReflectionCommon/zipball/63a995caa1ca9e5590304cd845c15ad6d482a62a","reference":"63a995caa1ca9e5590304cd845c15ad6d482a62a","shasum":""},"type":"library","time":"2018-08-07T13:53:10+00:00","autoload":{"psr-4":{"phpDocumentor\\Reflection\\":"src/"}},"extra":{"branch-alias":{"dev-master":"2.x-dev"}},"require":{"php":">=7.1"},"require-dev":{"phpunit/phpunit":"~6"},"uid":2389651},"dev-master":{"name":"phpdocumentor/reflection-common","description":"Common reflection classes used by phpdocumentor to reflect the code structure","keywords":["phpdoc","reflection","static analysis","phpDocumentor","FQSEN"],"homepage":"http://www.phpdoc.org","version":"dev-master","version_normalized":"9999999-dev","license":["MIT"],"authors":[{"name":"Jaap van Otterdijk","email":"opensource@ijaap.nl"}],"source":{"type":"git","url":"https://github.com/phpDocumentor/ReflectionCommon.git","reference":"63a995caa1ca9e5590304cd845c15ad6d482a62a"},"dist":{"type":"zip","url":"https://api.github.com/repos/phpDocumentor/ReflectionCommon/zipball/63a995caa1ca9e5590304cd845c15ad6d482a62a","reference":"63a995caa1ca9e5590304cd845c15ad6d482a62a","shasum":""},"type":"library","time":"2018-08-07T13:53:10+00:00","autoload":{"psr-4":{"phpDocumentor\\Reflection\\":"src/"}},"extra":{"branch-alias":{"dev-master":"2.x-dev"}},"require":{"php":">=7.1"},"require-dev":{"phpunit/phpunit":"~6"},"uid":425595}}}}