{"packages":{"dflydev/markdown":{"dev-master":{"name":"dflydev/markdown","description":"PHP Markdown & Extra - DEPRECATED","keywords":["markdown"],"homepage":"http://github.com/dflydev/dflydev-markdown","version":"dev-master","version_normalized":"9999999-dev","license":["BSD-3-Clause"],"authors":[{"name":"Dragonfly Development Inc.","email":"info@dflydev.com","homepage":"http://dflydev.com"},{"name":"Beau Simensen","email":"beau@dflydev.com","homepage":"http://beausimensen.com"},{"name":"Michel Fortin","homepage":"http://michelf.com"},{"name":"John Gruber","homepage":"http://daringfireball.net"}],"source":{"type":"git","url":"https://github.com/dflydev/dflydev-markdown.git","reference":"dee1f7a6b60776a94c10efa8340ccd486ec834b7"},"dist":{"type":"zip","url":"https://api.github.com/repos/dflydev/dflydev-markdown/zipball/dee1f7a6b60776a94c10efa8340ccd486ec834b7","reference":"dee1f7a6b60776a94c10efa8340ccd486ec834b7","shasum":""},"type":"library","time":"2014-01-06T23:32:02+00:00","autoload":{"psr-0":{"dflydev\\markdown":"src"}},"extra":{"branch-alias":{"dev-master":"1.0-dev"}},"require":{"php":">=5.3"},"abandoned":"michelf/php-markdown","uid":5866},"v1.0.0":{"name":"dflydev/markdown","description":"PHP Markdown & Extra","keywords":["markdown"],"homepage":"http://github.com/dflydev/dflydev-markdown","version":"v1.0.0","version_normalized":"1.0.0.0","license":["New BSD License"],"authors":[{"name":"Dragonfly Development Inc.","email":"info@dflydev.com","homepage":"http://dflydev.com"},{"name":"Beau Simensen","email":"beau@dflydev.com","homepage":"http://beausimensen.com"},{"name":"Michel Fortin","homepage":"http://michelf.com"},{"name":"John Gruber","homepage":"http://daringfireball.net"}],"source":{"type":"git","url":"https://github.com/dflydev/dflydev-markdown.git","reference":"76501a808522dbe40a5a71d272bd08d54cbae03d"},"dist":{"type":"zip","url":"https://api.github.com/repos/dflydev/dflydev-markdown/zipball/76501a808522dbe40a5a71d272bd08d54cbae03d","reference":"76501a808522dbe40a5a71d272bd08d54cbae03d","shasum":""},"type":"library","time":"2012-01-02T23:11:32+00:00","autoload":{"psr-0":{"dflydev\\markdown":"src"}},"require":{"php":">=5.3"},"abandoned":"michelf/php-markdown","uid":5863},"v1.0.1":{"name":"dflydev/markdown","description":"PHP Markdown & Extra","keywords":["markdown"],"homepage":"http://github.com/dflydev/dflydev-markdown","version":"v1.0.1","version_normalized":"1.0.1.0","license":["New BSD License"],"authors":[{"name":"Dragonfly Development Inc.","email":"info@dflydev.com","homepage":"http://dflydev.com"},{"name":"Beau Simensen","email":"beau@dflydev.com","homepage":"http://beausimensen.com"},{"name":"Michel Fortin","homepage":"http://michelf.com"},{"name":"John Gruber","homepage":"http://daringfireball.net"}],"source":{"type":"git","url":"https://github.com/dflydev/dflydev-markdown.git","reference":"fdf608822e2b07f236e0fcc7f3bb5863ac606724"},"dist":{"type":"zip","url":"https://api.github.com/repos/dflydev/dflydev-markdown/zipball/fdf608822e2b07f236e0fcc7f3bb5863ac606724","reference":"fdf608822e2b07f236e0fcc7f3bb5863ac606724","shasum":""},"type":"library","time":"2012-01-07T03:18:18+00:00","autoload":{"psr-0":{"dflydev\\markdown":"src"}},"require":{"php":">=5.3"},"abandoned":"michelf/php-markdown","uid":5864},"v1.0.2":{"name":"dflydev/markdown","description":"PHP Markdown & Extra","keywords":["markdown"],"homepage":"http://github.com/dflydev/dflydev-markdown","version":"v1.0.2","version_normalized":"1.0.2.0","license":["New BSD License"],"authors":[{"name":"Dragonfly Development Inc.","email":"info@dflydev.com","homepage":"http://dflydev.com"},{"name":"Beau Simensen","email":"beau@dflydev.com","homepage":"http://beausimensen.com"},{"name":"Michel Fortin","homepage":"http://michelf.com"},{"name":"John Gruber","homepage":"http://daringfireball.net"}],"source":{"type":"git","url":"https://github.com/dflydev/dflydev-markdown.git","reference":"2a1b3516bd5af6e722b40ae9e1fccd03e1772060"},"dist":{"type":"zip","url":"https://api.github.com/repos/dflydev/dflydev-markdown/zipball/2a1b3516bd5af6e722b40ae9e1fccd03e1772060","reference":"2a1b3516bd5af6e722b40ae9e1fccd03e1772060","shasum":""},"type":"library","time":"2012-01-16T03:36:37+00:00","autoload":{"psr-0":{"dflydev\\markdown":"src"}},"require":{"php":">=5.3"},"abandoned":"michelf/php-markdown","uid":5865},"v1.0.3":{"name":"dflydev/markdown","description":"PHP Markdown & Extra","keywords":["markdown"],"homepage":"http://github.com/dflydev/dflydev-markdown","version":"v1.0.3","version_normalized":"1.0.3.0","license":["BSD-3-Clause"],"authors":[{"name":"Dragonfly Development Inc.","email":"info@dflydev.com","homepage":"http://dflydev.com"},{"name":"Beau Simensen","email":"beau@dflydev.com","homepage":"http://beausimensen.com"},{"name":"Michel Fortin","homepage":"http://michelf.com"},{"name":"John Gruber","homepage":"http://daringfireball.net"}],"source":{"type":"git","url":"https://github.com/dflydev/dflydev-markdown.git","reference":"6baed9b50f29c980795b6656d43722aadb126f7e"},"dist":{"type":"zip","url":"https://api.github.com/repos/dflydev/dflydev-markdown/zipball/6baed9b50f29c980795b6656d43722aadb126f7e","reference":"6baed9b50f29c980795b6656d43722aadb126f7e","shasum":""},"type":"library","time":"2013-09-23T12:00:18+00:00","autoload":{"psr-0":{"dflydev\\markdown":"src"}},"extra":{"branch-alias":{"dev-master":"1.0-dev"}},"require":{"php":">=5.3"},"abandoned":"michelf/php-markdown","uid":86316}}}}