{"packages":{"hamcrest/hamcrest-php":{"1.2.x-dev":{"name":"hamcrest/hamcrest-php","description":"This is the PHP port of Hamcrest Matchers","keywords":["test"],"homepage":"","version":"1.2.x-dev","version_normalized":"1.2.9999999.9999999-dev","license":["BSD-3-Clause"],"authors":[],"source":{"type":"git","url":"https://github.com/hamcrest/hamcrest-php.git","reference":"26968e9810ff0d1aa48f6d67a862559d92a51884"},"dist":{"type":"zip","url":"https://api.github.com/repos/hamcrest/hamcrest-php/zipball/26968e9810ff0d1aa48f6d67a862559d92a51884","reference":"26968e9810ff0d1aa48f6d67a862559d92a51884","shasum":""},"type":"library","time":"2018-02-19T09:04:07+00:00","autoload":{"classmap":["hamcrest"],"files":["hamcrest/Hamcrest.php"]},"extra":{"branch-alias":{"dev-master":"1.2-dev"}},"require":{"php":"^5.3|^7.0"},"require-dev":{"satooshi/php-coveralls":"^1.0","phpunit/php-file-iterator":"1.3.3","phpunit/phpunit":"~4.0"},"replace":{"kodova/hamcrest-php":"*","davedevelopment/hamcrest-php":"*","cordoval/hamcrest-php":"*"},"uid":663505},"dev-master":{"name":"hamcrest/hamcrest-php","description":"This is the PHP port of Hamcrest Matchers","keywords":["test"],"homepage":"","version":"dev-master","version_normalized":"9999999-dev","license":["BSD-3-Clause"],"authors":[],"source":{"type":"git","url":"https://github.com/hamcrest/hamcrest-php.git","reference":"f3e4601eba2586af780265ee81c97741e6da46ca"},"dist":{"type":"zip","url":"https://api.github.com/repos/hamcrest/hamcrest-php/zipball/f3e4601eba2586af780265ee81c97741e6da46ca","reference":"f3e4601eba2586af780265ee81c97741e6da46ca","shasum":""},"type":"library","time":"2018-02-24T08:30:36+00:00","autoload":{"classmap":["hamcrest"]},"extra":{"branch-alias":{"dev-master":"2.0-dev"}},"require":{"php":"^5.3|^7.0"},"require-dev":{"satooshi/php-coveralls":"^1.0","phpunit/php-file-iterator":"^1.4","phpunit/phpunit":">=4.8.35 <5|>=5.4.3 <6"},"replace":{"kodova/hamcrest-php":"*","davedevelopment/hamcrest-php":"*","cordoval/hamcrest-php":"*"},"uid":115307},"v1.2.0":{"name":"hamcrest/hamcrest-php","description":"This is the PHP port of Hamcrest Matchers","keywords":["test"],"homepage":"","version":"v1.2.0","version_normalized":"1.2.0.0","license":["BSD"],"authors":[],"source":{"type":"git","url":"https://github.com/hamcrest/hamcrest-php.git","reference":"a68ffcabdeeb2c7c253073ab49c86a91a551d8dd"},"dist":{"type":"zip","url":"https://api.github.com/repos/hamcrest/hamcrest-php/zipball/a68ffcabdeeb2c7c253073ab49c86a91a551d8dd","reference":"a68ffcabdeeb2c7c253073ab49c86a91a551d8dd","shasum":""},"type":"library","time":"2014-09-25T04:46:01+00:00","autoload":{"classmap":["hamcrest"],"files":["hamcrest/Hamcrest.php"]},"require":{"php":">=5.3.2"},"require-dev":{"satooshi/php-coveralls":"dev-master","phpunit/php-file-iterator":"1.3.3"},"replace":{"kodova/hamcrest-php":"*","davedevelopment/hamcrest-php":"*","cordoval/hamcrest-php":"*"},"uid":240566},"v1.2.1":{"name":"hamcrest/hamcrest-php","description":"This is the PHP port of Hamcrest Matchers","keywords":["test"],"homepage":"","version":"v1.2.1","version_normalized":"1.2.1.0","license":["BSD"],"authors":[],"source":{"type":"git","url":"https://github.com/hamcrest/hamcrest-php.git","reference":"ac50c470531243944f977b8de75be0b684a9cb51"},"dist":{"type":"zip","url":"https://api.github.com/repos/hamcrest/hamcrest-php/zipball/ac50c470531243944f977b8de75be0b684a9cb51","reference":"ac50c470531243944f977b8de75be0b684a9cb51","shasum":""},"type":"library","time":"2015-01-20T19:34:09+00:00","autoload":{"classmap":["hamcrest"],"files":["hamcrest/Hamcrest.php"]},"require":{"php":">=5.3.2"},"require-dev":{"satooshi/php-coveralls":"dev-master","phpunit/php-file-iterator":"1.3.3"},"replace":{"kodova/hamcrest-php":"*","davedevelopment/hamcrest-php":"*","cordoval/hamcrest-php":"*"},"uid":310619},"v1.2.2":{"name":"hamcrest/hamcrest-php","description":"This is the PHP port of Hamcrest Matchers","keywords":["test"],"homepage":"","version":"v1.2.2","version_normalized":"1.2.2.0","license":["BSD"],"authors":[],"source":{"type":"git","url":"https://github.com/hamcrest/hamcrest-php.git","reference":"b37020aa976fa52d3de9aa904aa2522dc518f79c"},"dist":{"type":"zip","url":"https://api.github.com/repos/hamcrest/hamcrest-php/zipball/b37020aa976fa52d3de9aa904aa2522dc518f79c","reference":"b37020aa976fa52d3de9aa904aa2522dc518f79c","shasum":""},"type":"library","time":"2015-05-11T14:41:42+00:00","autoload":{"classmap":["hamcrest"],"files":["hamcrest/Hamcrest.php"]},"require":{"php":">=5.3.2"},"require-dev":{"satooshi/php-coveralls":"dev-master","phpunit/php-file-iterator":"1.3.3"},"replace":{"kodova/hamcrest-php":"*","davedevelopment/hamcrest-php":"*","cordoval/hamcrest-php":"*"},"uid":403654},"v2.0.0":{"name":"hamcrest/hamcrest-php","description":"This is the PHP port of Hamcrest Matchers","keywords":["test"],"homepage":"","version":"v2.0.0","version_normalized":"2.0.0.0","license":["BSD"],"authors":[],"source":{"type":"git","url":"https://github.com/hamcrest/hamcrest-php.git","reference":"776503d3a8e85d4f9a1148614f95b7a608b046ad"},"dist":{"type":"zip","url":"https://api.github.com/repos/hamcrest/hamcrest-php/zipball/776503d3a8e85d4f9a1148614f95b7a608b046ad","reference":"776503d3a8e85d4f9a1148614f95b7a608b046ad","shasum":""},"type":"library","time":"2016-01-20T08:20:44+00:00","autoload":{"classmap":["hamcrest"]},"extra":{"branch-alias":{"dev-master":"2.0-dev"}},"require":{"php":"^5.3|^7.0"},"require-dev":{"satooshi/php-coveralls":"^1.0","phpunit/php-file-iterator":"1.3.3","phpunit/phpunit":"~4.0"},"replace":{"kodova/hamcrest-php":"*","davedevelopment/hamcrest-php":"*","cordoval/hamcrest-php":"*"},"uid":713007}}}}