{"packages":{"dnoegel/php-xdg-base-dir":{"0.1":{"name":"dnoegel/php-xdg-base-dir","description":"implementation of xdg base directory specification for php","keywords":[],"homepage":"","version":"0.1","version_normalized":"0.1.0.0","license":["MIT"],"authors":[],"source":{"type":"git","url":"https://github.com/dnoegel/php-xdg-base-dir.git","reference":"265b8593498b997dc2d31e75b89f053b5cc9621a"},"dist":{"type":"zip","url":"https://api.github.com/repos/dnoegel/php-xdg-base-dir/zipball/265b8593498b997dc2d31e75b89f053b5cc9621a","reference":"265b8593498b997dc2d31e75b89f053b5cc9621a","shasum":""},"type":"project","time":"2014-10-24T07:27:01+00:00","autoload":{"psr-4":{"XdgBaseDir\\":"src/"}},"require":{"php":">=5.3.2"},"require-dev":{"phpunit/phpunit":"@stable"},"uid":256399},"dev-master":{"name":"dnoegel/php-xdg-base-dir","description":"implementation of xdg base directory specification for php","keywords":[],"homepage":"","version":"dev-master","version_normalized":"9999999-dev","license":["MIT"],"authors":[],"source":{"type":"git","url":"https://github.com/dnoegel/php-xdg-base-dir.git","reference":"3c3286a277217ebf6d39166ebb81d95341ba88ec"},"dist":{"type":"zip","url":"https://api.github.com/repos/dnoegel/php-xdg-base-dir/zipball/3c3286a277217ebf6d39166ebb81d95341ba88ec","reference":"3c3286a277217ebf6d39166ebb81d95341ba88ec","shasum":""},"type":"library","time":"2017-11-14T11:46:54+00:00","autoload":{"psr-4":{"XdgBaseDir\\":"src/"}},"require":{"php":">=5.3.2"},"require-dev":{"phpunit/phpunit":"~4.0"},"uid":194796}}}}