{"packages":{"sebastian/global-state":{"1.0.0":{"name":"sebastian/global-state","description":"Snapshotting of global state","keywords":["global state"],"homepage":"http://www.github.com/sebastianbergmann/global-state","version":"1.0.0","version_normalized":"1.0.0.0","license":["BSD-3-Clause"],"authors":[{"name":"Sebastian Bergmann","email":"sebastian@phpunit.de"}],"source":{"type":"git","url":"https://github.com/sebastianbergmann/global-state.git","reference":"c7428acdb62ece0a45e6306f1ae85e1c05b09c01"},"dist":{"type":"zip","url":"https://api.github.com/repos/sebastianbergmann/global-state/zipball/c7428acdb62ece0a45e6306f1ae85e1c05b09c01","reference":"c7428acdb62ece0a45e6306f1ae85e1c05b09c01","shasum":""},"type":"library","time":"2014-10-06T09:23:50+00:00","autoload":{"classmap":["src/"]},"extra":{"branch-alias":{"dev-master":"1.0-dev"}},"require":{"php":">=5.3.3"},"require-dev":{"phpunit/phpunit":"~4.2"},"suggest":{"ext-uopz":"*"},"uid":281008},"1.1.0":{"name":"sebastian/global-state","description":"Snapshotting of global state","keywords":["global state"],"homepage":"http://www.github.com/sebastianbergmann/global-state","version":"1.1.0","version_normalized":"1.1.0.0","license":["BSD-3-Clause"],"authors":[{"name":"Sebastian Bergmann","email":"sebastian@phpunit.de"}],"source":{"type":"git","url":"https://github.com/sebastianbergmann/global-state.git","reference":"23af31f402993cfd94e99cbc4b782e9a78eb0e97"},"dist":{"type":"zip","url":"https://api.github.com/repos/sebastianbergmann/global-state/zipball/23af31f402993cfd94e99cbc4b782e9a78eb0e97","reference":"23af31f402993cfd94e99cbc4b782e9a78eb0e97","shasum":""},"type":"library","time":"2015-06-21T15:11:22+00:00","autoload":{"classmap":["src/"]},"extra":{"branch-alias":{"dev-master":"1.0-dev"}},"require":{"php":">=5.3.3"},"require-dev":{"phpunit/phpunit":"~4.2"},"suggest":{"ext-uopz":"*"},"uid":545519},"1.1.1":{"name":"sebastian/global-state","description":"Snapshotting of global state","keywords":["global state"],"homepage":"http://www.github.com/sebastianbergmann/global-state","version":"1.1.1","version_normalized":"1.1.1.0","license":["BSD-3-Clause"],"authors":[{"name":"Sebastian Bergmann","email":"sebastian@phpunit.de"}],"source":{"type":"git","url":"https://github.com/sebastianbergmann/global-state.git","reference":"bc37d50fea7d017d3d340f230811c9f1d7280af4"},"dist":{"type":"zip","url":"https://api.github.com/repos/sebastianbergmann/global-state/zipball/bc37d50fea7d017d3d340f230811c9f1d7280af4","reference":"bc37d50fea7d017d3d340f230811c9f1d7280af4","shasum":""},"type":"library","time":"2015-10-12T03:26:01+00:00","autoload":{"classmap":["src/"]},"extra":{"branch-alias":{"dev-master":"1.0-dev"}},"require":{"php":">=5.3.3"},"require-dev":{"phpunit/phpunit":"~4.2"},"suggest":{"ext-uopz":"*"},"uid":547832},"1.1.x-dev":{"name":"sebastian/global-state","description":"Snapshotting of global state","keywords":["global state"],"homepage":"http://www.github.com/sebastianbergmann/global-state","version":"1.1.x-dev","version_normalized":"1.1.9999999.9999999-dev","license":["BSD-3-Clause"],"authors":[{"name":"Sebastian Bergmann","email":"sebastian@phpunit.de"}],"source":{"type":"git","url":"https://github.com/sebastianbergmann/global-state.git","reference":"cea85a84b00f2795341ebbbca4fa396347f2494e"},"dist":{"type":"zip","url":"https://api.github.com/repos/sebastianbergmann/global-state/zipball/cea85a84b00f2795341ebbbca4fa396347f2494e","reference":"cea85a84b00f2795341ebbbca4fa396347f2494e","shasum":""},"type":"library","time":"2017-02-23T14:11:06+00:00","autoload":{"classmap":["src/"]},"extra":{"branch-alias":{"dev-master":"1.0-dev"}},"require":{"php":">=5.3.3"},"require-dev":{"phpunit/phpunit":"~4.2|~5.0"},"suggest":{"ext-uopz":"*"},"uid":1123697},"2.0.0":{"name":"sebastian/global-state","description":"Snapshotting of global state","keywords":["global state"],"homepage":"http://www.github.com/sebastianbergmann/global-state","version":"2.0.0","version_normalized":"2.0.0.0","license":["BSD-3-Clause"],"authors":[{"name":"Sebastian Bergmann","email":"sebastian@phpunit.de"}],"source":{"type":"git","url":"https://github.com/sebastianbergmann/global-state.git","reference":"e8ba02eed7bbbb9e59e43dedd3dddeff4a56b0c4"},"dist":{"type":"zip","url":"https://api.github.com/repos/sebastianbergmann/global-state/zipball/e8ba02eed7bbbb9e59e43dedd3dddeff4a56b0c4","reference":"e8ba02eed7bbbb9e59e43dedd3dddeff4a56b0c4","shasum":""},"type":"library","time":"2017-04-27T15:39:26+00:00","autoload":{"classmap":["src/"]},"extra":{"branch-alias":{"dev-master":"2.0-dev"}},"require":{"php":"^7.0"},"require-dev":{"phpunit/phpunit":"^6.0"},"suggest":{"ext-uopz":"*"},"uid":1365095},"dev-issue-12":{"name":"sebastian/global-state","description":"Snapshotting of global state","keywords":["global state"],"homepage":"http://www.github.com/sebastianbergmann/global-state","version":"dev-issue-12","version_normalized":"dev-issue-12","license":["BSD-3-Clause"],"authors":[{"name":"Sebastian Bergmann","email":"sebastian@phpunit.de"}],"source":{"type":"git","url":"https://github.com/sebastianbergmann/global-state.git","reference":"f302da795894ad40fa3d2ea52b73d9267f4cd160"},"dist":{"type":"zip","url":"https://api.github.com/repos/sebastianbergmann/global-state/zipball/f302da795894ad40fa3d2ea52b73d9267f4cd160","reference":"f302da795894ad40fa3d2ea52b73d9267f4cd160","shasum":""},"type":"library","time":"2017-04-27T18:43:52+00:00","autoload":{"classmap":["src/"]},"extra":{"branch-alias":{"dev-master":"2.0-dev"}},"require":{"php":"^7.0","sebastian/object-enumerator":"^3.0.2"},"require-dev":{"phpunit/phpunit":"^6.0"},"suggest":{"ext-uopz":"*"},"uid":1365375},"dev-master":{"name":"sebastian/global-state","description":"Snapshotting of global state","keywords":["global state"],"homepage":"http://www.github.com/sebastianbergmann/global-state","version":"dev-master","version_normalized":"9999999-dev","license":["BSD-3-Clause"],"authors":[{"name":"Sebastian Bergmann","email":"sebastian@phpunit.de"}],"source":{"type":"git","url":"https://github.com/sebastianbergmann/global-state.git","reference":"30367ea06c5cc3bf684457ac793fb2b863d783c6"},"dist":{"type":"zip","url":"https://api.github.com/repos/sebastianbergmann/global-state/zipball/30367ea06c5cc3bf684457ac793fb2b863d783c6","reference":"30367ea06c5cc3bf684457ac793fb2b863d783c6","shasum":""},"type":"library","time":"2018-05-15T05:52:33+00:00","autoload":{"classmap":["src/"]},"extra":{"branch-alias":{"dev-master":"2.0-dev"}},"require":{"php":"^7.0"},"require-dev":{"phpunit/phpunit":"^6.0"},"suggest":{"ext-uopz":"*"},"uid":222108}}}}