{"packages":{"symfony/contracts":{"dev-master":{"name":"symfony/contracts","description":"A set of abstractions extracted out of the Symfony components","keywords":["interfaces","standards","interoperability","contracts","abstractions","decoupling"],"homepage":"https://symfony.com","version":"dev-master","version_normalized":"9999999-dev","license":["MIT"],"authors":[{"name":"Nicolas Grekas","email":"p@tchwork.com"},{"name":"Symfony Community","homepage":"https://symfony.com/contributors"}],"source":{"type":"git","url":"https://github.com/symfony/contracts.git","reference":"df30ce9a7726feff039b5eaacffe5d48920d1f9f"},"dist":{"type":"zip","url":"https://api.github.com/repos/symfony/contracts/zipball/df30ce9a7726feff039b5eaacffe5d48920d1f9f","reference":"df30ce9a7726feff039b5eaacffe5d48920d1f9f","shasum":""},"type":"library","time":"2018-10-10T09:20:36+00:00","autoload":{"psr-4":{"Symfony\\Contracts\\":""},"exclude-from-classmap":["**/Tests/"]},"extra":{"branch-alias":{"dev-master":"1.0-dev"}},"require":{"php":"^7.1.3"},"require-dev":{"psr/container":"^1.0","psr/cache":"^1.0"},"suggest":{"psr/cache":"When using the Cache contracts","psr/container":"When using the Service contracts","symfony/cache-contracts-implementation":"","symfony/service-contracts-implementation":"","symfony/translation-contracts-implementation":""},"uid":2329982}}}}