{"packages":{"danielstjules/stringy":{"1.0.0":{"name":"danielstjules/stringy","description":"A string manipulation library with multibyte support","keywords":["helpers","utility","utf-8","utils","multibyte","string","UTF","manipulation","methods"],"homepage":"","version":"1.0.0","version_normalized":"1.0.0.0","license":["MIT"],"authors":[{"name":"Daniel St. Jules","email":"danielst.jules@gmail.com","homepage":"http://www.danielstjules.com"}],"source":{"type":"git","url":"https://github.com/danielstjules/Stringy.git","reference":"f0063f8bac788ae8cf1fab240b402046d78c8c42"},"dist":{"type":"zip","url":"https://api.github.com/repos/danielstjules/Stringy/zipball/f0063f8bac788ae8cf1fab240b402046d78c8c42","reference":"f0063f8bac788ae8cf1fab240b402046d78c8c42","shasum":""},"type":"library","time":"2013-08-01T04:53:54+00:00","autoload":{"psr-0":{"Stringy":"src/"}},"require":{"php":">=5.3.0"},"uid":73198},"1.0.0-rc.1":{"name":"danielstjules/stringy","description":"A string manipulation library with multibyte support","keywords":["helpers","utility","utf-8","utils","multibyte","string","UTF","manipulation","methods"],"homepage":"","version":"1.0.0-rc.1","version_normalized":"1.0.0.0-RC1","license":["MIT"],"authors":[{"name":"Daniel St. Jules","email":"danielst.jules@gmail.com","homepage":"http://www.danielstjules.com"}],"source":{"type":"git","url":"https://github.com/danielstjules/Stringy.git","reference":"918bdc9839111326b4b58fa19f7a3230b06fd7bd"},"dist":{"type":"zip","url":"https://api.github.com/repos/danielstjules/Stringy/zipball/918bdc9839111326b4b58fa19f7a3230b06fd7bd","reference":"918bdc9839111326b4b58fa19f7a3230b06fd7bd","shasum":""},"type":"library","time":"2013-07-29T03:43:01+00:00","autoload":{"psr-0":{"Stringy":"src/"}},"require":{"php":">=5.3.0"},"uid":72481},"1.1.0":{"name":"danielstjules/stringy","description":"A string manipulation library with multibyte support","keywords":["helpers","utility","utf-8","utils","multibyte","string","UTF","manipulation","methods"],"homepage":"","version":"1.1.0","version_normalized":"1.1.0.0","license":["MIT"],"authors":[{"name":"Daniel St. Jules","email":"danielst.jules@gmail.com","homepage":"http://www.danielstjules.com"}],"source":{"type":"git","url":"https://github.com/danielstjules/Stringy.git","reference":"545a5aec5f822f0ec987d35f302370316e4d7f4b"},"dist":{"type":"zip","url":"https://api.github.com/repos/danielstjules/Stringy/zipball/545a5aec5f822f0ec987d35f302370316e4d7f4b","reference":"545a5aec5f822f0ec987d35f302370316e4d7f4b","shasum":""},"type":"library","time":"2013-08-31T23:34:28+00:00","autoload":{"psr-0":{"Stringy":"src/"}},"require":{"php":">=5.3.0"},"uid":81242},"1.10.0":{"name":"danielstjules/stringy","description":"A string manipulation library with multibyte support","keywords":["helpers","utility","utf-8","utils","multibyte","string","UTF","manipulation","methods"],"homepage":"https://github.com/danielstjules/Stringy","version":"1.10.0","version_normalized":"1.10.0.0","license":["MIT"],"authors":[{"name":"Daniel St. Jules","email":"danielst.jules@gmail.com","homepage":"http://www.danielstjules.com"}],"source":{"type":"git","url":"https://github.com/danielstjules/Stringy.git","reference":"4749c205db47ee5b32e8d1adf6d9aff8db6caf3b"},"dist":{"type":"zip","url":"https://api.github.com/repos/danielstjules/Stringy/zipball/4749c205db47ee5b32e8d1adf6d9aff8db6caf3b","reference":"4749c205db47ee5b32e8d1adf6d9aff8db6caf3b","shasum":""},"type":"library","time":"2015-07-23T00:54:12+00:00","autoload":{"psr-4":{"Stringy\\":"src/"},"files":["src/Create.php"]},"require":{"php":">=5.3.0","ext-mbstring":"*"},"require-dev":{"phpunit/phpunit":"~4.0"},"uid":469743},"1.2.0":{"name":"danielstjules/stringy","description":"A string manipulation library with multibyte support","keywords":["helpers","utility","utf-8","utils","multibyte","string","UTF","manipulation","methods"],"homepage":"","version":"1.2.0","version_normalized":"1.2.0.0","license":["MIT"],"authors":[{"name":"Daniel St. Jules","email":"danielst.jules@gmail.com","homepage":"http://www.danielstjules.com"}],"source":{"type":"git","url":"https://github.com/danielstjules/Stringy.git","reference":"fa3629125462a51e67d3b17fb8a04131d6f12ea8"},"dist":{"type":"zip","url":"https://api.github.com/repos/danielstjules/Stringy/zipball/fa3629125462a51e67d3b17fb8a04131d6f12ea8","reference":"fa3629125462a51e67d3b17fb8a04131d6f12ea8","shasum":""},"type":"library","time":"2013-09-15T04:17:51+00:00","autoload":{"psr-0":{"Stringy":"src/"}},"require":{"php":">=5.3.0"},"uid":84466},"1.2.1":{"name":"danielstjules/stringy","description":"A string manipulation library with multibyte support","keywords":["helpers","utility","utf-8","utils","multibyte","string","UTF","manipulation","methods"],"homepage":"https://github.com/danielstjules/Stringy","version":"1.2.1","version_normalized":"1.2.1.0","license":["MIT"],"authors":[{"name":"Daniel St. Jules","email":"danielst.jules@gmail.com","homepage":"http://www.danielstjules.com"}],"source":{"type":"git","url":"https://github.com/danielstjules/Stringy.git","reference":"2155447ce8a50388b6ef37c812db08c952dce4c1"},"dist":{"type":"zip","url":"https://api.github.com/repos/danielstjules/Stringy/zipball/2155447ce8a50388b6ef37c812db08c952dce4c1","reference":"2155447ce8a50388b6ef37c812db08c952dce4c1","shasum":""},"type":"library","time":"2013-10-11T05:19:53+00:00","autoload":{"psr-0":{"Stringy":"src/"}},"require":{"php":">=5.3.0"},"uid":91159},"1.2.2":{"name":"danielstjules/stringy","description":"A string manipulation library with multibyte support","keywords":["helpers","utility","utf-8","utils","multibyte","string","UTF","manipulation","methods"],"homepage":"https://github.com/danielstjules/Stringy","version":"1.2.2","version_normalized":"1.2.2.0","license":["MIT"],"authors":[{"name":"Daniel St. Jules","email":"danielst.jules@gmail.com","homepage":"http://www.danielstjules.com"}],"source":{"type":"git","url":"https://github.com/danielstjules/Stringy.git","reference":"6ba29637b2b2bc8cfd735539c6f9716ae8957477"},"dist":{"type":"zip","url":"https://api.github.com/repos/danielstjules/Stringy/zipball/6ba29637b2b2bc8cfd735539c6f9716ae8957477","reference":"6ba29637b2b2bc8cfd735539c6f9716ae8957477","shasum":""},"type":"library","time":"2013-12-05T04:36:17+00:00","autoload":{"psr-0":{"Stringy":"src/"}},"require":{"php":">=5.3.0"},"uid":107283},"1.3.0":{"name":"danielstjules/stringy","description":"A string manipulation library with multibyte support","keywords":["helpers","utility","utf-8","utils","multibyte","string","UTF","manipulation","methods"],"homepage":"https://github.com/danielstjules/Stringy","version":"1.3.0","version_normalized":"1.3.0.0","license":["MIT"],"authors":[{"name":"Daniel St. Jules","email":"danielst.jules@gmail.com","homepage":"http://www.danielstjules.com"}],"source":{"type":"git","url":"https://github.com/danielstjules/Stringy.git","reference":"9f930262af66f3943cb5b8baa8cbc3e31bce0746"},"dist":{"type":"zip","url":"https://api.github.com/repos/danielstjules/Stringy/zipball/9f930262af66f3943cb5b8baa8cbc3e31bce0746","reference":"9f930262af66f3943cb5b8baa8cbc3e31bce0746","shasum":""},"type":"library","time":"2013-12-17T02:04:30+00:00","autoload":{"psr-0":{"Stringy":"src/"}},"require":{"php":">=5.3.0"},"uid":111582},"1.4.0":{"name":"danielstjules/stringy","description":"A string manipulation library with multibyte support","keywords":["helpers","utility","utf-8","utils","multibyte","string","UTF","manipulation","methods"],"homepage":"https://github.com/danielstjules/Stringy","version":"1.4.0","version_normalized":"1.4.0.0","license":["MIT"],"authors":[{"name":"Daniel St. Jules","email":"danielst.jules@gmail.com","homepage":"http://www.danielstjules.com"}],"source":{"type":"git","url":"https://github.com/danielstjules/Stringy.git","reference":"b990df3c6136509775e03a1f58cb658c5b11b682"},"dist":{"type":"zip","url":"https://api.github.com/repos/danielstjules/Stringy/zipball/b990df3c6136509775e03a1f58cb658c5b11b682","reference":"b990df3c6136509775e03a1f58cb658c5b11b682","shasum":""},"type":"library","time":"2014-02-13T00:26:15+00:00","autoload":{"psr-4":{"Stringy\\":"src/"}},"require":{"php":">=5.3.0"},"uid":132803},"1.5.0":{"name":"danielstjules/stringy","description":"A string manipulation library with multibyte support","keywords":["helpers","utility","utf-8","utils","multibyte","string","UTF","manipulation","methods"],"homepage":"https://github.com/danielstjules/Stringy","version":"1.5.0","version_normalized":"1.5.0.0","license":["MIT"],"authors":[{"name":"Daniel St. Jules","email":"danielst.jules@gmail.com","homepage":"http://www.danielstjules.com"}],"source":{"type":"git","url":"https://github.com/danielstjules/Stringy.git","reference":"8d961e25d09f946b463c0581e927a963f3578647"},"dist":{"type":"zip","url":"https://api.github.com/repos/danielstjules/Stringy/zipball/8d961e25d09f946b463c0581e927a963f3578647","reference":"8d961e25d09f946b463c0581e927a963f3578647","shasum":""},"type":"library","time":"2014-03-19T23:25:00+00:00","autoload":{"psr-4":{"Stringy\\":"src/"},"classmap":["tests"]},"require":{"php":">=5.3.0"},"require-dev":{"phpunit/phpunit":"4.0.*"},"uid":147490},"1.5.1":{"name":"danielstjules/stringy","description":"A string manipulation library with multibyte support","keywords":["helpers","utility","utf-8","utils","multibyte","string","UTF","manipulation","methods"],"homepage":"https://github.com/danielstjules/Stringy","version":"1.5.1","version_normalized":"1.5.1.0","license":["MIT"],"authors":[{"name":"Daniel St. Jules","email":"danielst.jules@gmail.com","homepage":"http://www.danielstjules.com"}],"source":{"type":"git","url":"https://github.com/danielstjules/Stringy.git","reference":"7600549abc0261f469445c89e47ee63aff3b32f8"},"dist":{"type":"zip","url":"https://api.github.com/repos/danielstjules/Stringy/zipball/7600549abc0261f469445c89e47ee63aff3b32f8","reference":"7600549abc0261f469445c89e47ee63aff3b32f8","shasum":""},"type":"library","time":"2014-04-19T15:03:05+00:00","autoload":{"psr-4":{"Stringy\\":"src/"},"classmap":["tests"]},"require":{"php":">=5.3.0"},"require-dev":{"phpunit/phpunit":"4.0.*"},"uid":161142},"1.5.2":{"name":"danielstjules/stringy","description":"A string manipulation library with multibyte support","keywords":["helpers","utility","utf-8","utils","multibyte","string","UTF","manipulation","methods"],"homepage":"https://github.com/danielstjules/Stringy","version":"1.5.2","version_normalized":"1.5.2.0","license":["MIT"],"authors":[{"name":"Daniel St. Jules","email":"danielst.jules@gmail.com","homepage":"http://www.danielstjules.com"}],"source":{"type":"git","url":"https://github.com/danielstjules/Stringy.git","reference":"63ad4d238fab6f2069fb30d6734c7e44bd77a6d2"},"dist":{"type":"zip","url":"https://api.github.com/repos/danielstjules/Stringy/zipball/63ad4d238fab6f2069fb30d6734c7e44bd77a6d2","reference":"63ad4d238fab6f2069fb30d6734c7e44bd77a6d2","shasum":""},"type":"library","time":"2014-07-09T17:13:57+00:00","autoload":{"psr-4":{"Stringy\\":"src/"},"classmap":["tests"]},"require":{"php":">=5.3.0"},"require-dev":{"phpunit/phpunit":"4.0.*"},"uid":199425},"1.6.0":{"name":"danielstjules/stringy","description":"A string manipulation library with multibyte support","keywords":["helpers","utility","utf-8","utils","multibyte","string","UTF","manipulation","methods"],"homepage":"https://github.com/danielstjules/Stringy","version":"1.6.0","version_normalized":"1.6.0.0","license":["MIT"],"authors":[{"name":"Daniel St. Jules","email":"danielst.jules@gmail.com","homepage":"http://www.danielstjules.com"}],"source":{"type":"git","url":"https://github.com/danielstjules/Stringy.git","reference":"7e91d1ead2dc399a53c0dd0d9be8a2f41db7dbe7"},"dist":{"type":"zip","url":"https://api.github.com/repos/danielstjules/Stringy/zipball/7e91d1ead2dc399a53c0dd0d9be8a2f41db7dbe7","reference":"7e91d1ead2dc399a53c0dd0d9be8a2f41db7dbe7","shasum":""},"type":"library","time":"2014-09-14T17:58:46+00:00","autoload":{"psr-4":{"Stringy\\":"src/"},"classmap":["tests"]},"require":{"php":">=5.3.0"},"require-dev":{"phpunit/phpunit":"4.0.*"},"uid":234875},"1.7.0":{"name":"danielstjules/stringy","description":"A string manipulation library with multibyte support","keywords":["helpers","utility","utf-8","utils","multibyte","string","UTF","manipulation","methods"],"homepage":"https://github.com/danielstjules/Stringy","version":"1.7.0","version_normalized":"1.7.0.0","license":["MIT"],"authors":[{"name":"Daniel St. Jules","email":"danielst.jules@gmail.com","homepage":"http://www.danielstjules.com"}],"source":{"type":"git","url":"https://github.com/danielstjules/Stringy.git","reference":"d60422d19734a6058b0c3abf89c8287188577752"},"dist":{"type":"zip","url":"https://api.github.com/repos/danielstjules/Stringy/zipball/d60422d19734a6058b0c3abf89c8287188577752","reference":"d60422d19734a6058b0c3abf89c8287188577752","shasum":""},"type":"library","time":"2014-10-15T06:32:13+00:00","autoload":{"psr-4":{"Stringy\\":"src/"},"classmap":["tests"]},"require":{"php":">=5.3.0"},"require-dev":{"phpunit/phpunit":"4.0.*"},"uid":250901},"1.8.0":{"name":"danielstjules/stringy","description":"A string manipulation library with multibyte support","keywords":["helpers","utility","utf-8","utils","multibyte","string","UTF","manipulation","methods"],"homepage":"https://github.com/danielstjules/Stringy","version":"1.8.0","version_normalized":"1.8.0.0","license":["MIT"],"authors":[{"name":"Daniel St. Jules","email":"danielst.jules@gmail.com","homepage":"http://www.danielstjules.com"}],"source":{"type":"git","url":"https://github.com/danielstjules/Stringy.git","reference":"d661047fb347cc384591fe3dbe5f62886f203416"},"dist":{"type":"zip","url":"https://api.github.com/repos/danielstjules/Stringy/zipball/d661047fb347cc384591fe3dbe5f62886f203416","reference":"d661047fb347cc384591fe3dbe5f62886f203416","shasum":""},"type":"library","time":"2015-01-04T06:54:13+00:00","autoload":{"psr-4":{"Stringy\\":"src/"},"files":["src/Create.php"]},"require":{"php":">=5.3.0","ext-mbstring":"*"},"require-dev":{"phpunit/phpunit":"~4.0"},"uid":298968},"1.8.1":{"name":"danielstjules/stringy","description":"A string manipulation library with multibyte support","keywords":["helpers","utility","utf-8","utils","multibyte","string","UTF","manipulation","methods"],"homepage":"https://github.com/danielstjules/Stringy","version":"1.8.1","version_normalized":"1.8.1.0","license":["MIT"],"authors":[{"name":"Daniel St. Jules","email":"danielst.jules@gmail.com","homepage":"http://www.danielstjules.com"}],"source":{"type":"git","url":"https://github.com/danielstjules/Stringy.git","reference":"6a7b0391b2baf0bfdca3ec0c8d33ff379c2835ad"},"dist":{"type":"zip","url":"https://api.github.com/repos/danielstjules/Stringy/zipball/6a7b0391b2baf0bfdca3ec0c8d33ff379c2835ad","reference":"6a7b0391b2baf0bfdca3ec0c8d33ff379c2835ad","shasum":""},"type":"library","time":"2015-01-08T15:21:43+00:00","autoload":{"psr-4":{"Stringy\\":"src/"},"files":["src/Create.php"]},"require":{"php":">=5.3.0","ext-mbstring":"*"},"require-dev":{"phpunit/phpunit":"~4.0"},"uid":301839},"1.9.0":{"name":"danielstjules/stringy","description":"A string manipulation library with multibyte support","keywords":["helpers","utility","utf-8","utils","multibyte","string","UTF","manipulation","methods"],"homepage":"https://github.com/danielstjules/Stringy","version":"1.9.0","version_normalized":"1.9.0.0","license":["MIT"],"authors":[{"name":"Daniel St. Jules","email":"danielst.jules@gmail.com","homepage":"http://www.danielstjules.com"}],"source":{"type":"git","url":"https://github.com/danielstjules/Stringy.git","reference":"3cf18e9e424a6dedc38b7eb7ef580edb0929461b"},"dist":{"type":"zip","url":"https://api.github.com/repos/danielstjules/Stringy/zipball/3cf18e9e424a6dedc38b7eb7ef580edb0929461b","reference":"3cf18e9e424a6dedc38b7eb7ef580edb0929461b","shasum":""},"type":"library","time":"2015-02-10T06:19:18+00:00","autoload":{"psr-4":{"Stringy\\":"src/"},"files":["src/Create.php"]},"require":{"php":">=5.3.0","ext-mbstring":"*"},"require-dev":{"phpunit/phpunit":"~4.0"},"uid":327009},"1.x-dev":{"name":"danielstjules/stringy","description":"A string manipulation library with multibyte support","keywords":["helpers","utility","utf-8","utils","multibyte","string","UTF","manipulation","methods"],"homepage":"https://github.com/danielstjules/Stringy","version":"1.x-dev","version_normalized":"1.9999999.9999999.9999999-dev","license":["MIT"],"authors":[{"name":"Daniel St. Jules","email":"danielst.jules@gmail.com","homepage":"http://www.danielstjules.com"}],"source":{"type":"git","url":"https://github.com/danielstjules/Stringy.git","reference":"4749c205db47ee5b32e8d1adf6d9aff8db6caf3b"},"dist":{"type":"zip","url":"https://api.github.com/repos/danielstjules/Stringy/zipball/4749c205db47ee5b32e8d1adf6d9aff8db6caf3b","reference":"4749c205db47ee5b32e8d1adf6d9aff8db6caf3b","shasum":""},"type":"library","time":"2015-07-23T00:54:12+00:00","autoload":{"psr-4":{"Stringy\\":"src/"},"files":["src/Create.php"]},"require":{"php":">=5.3.0","ext-mbstring":"*"},"require-dev":{"phpunit/phpunit":"~4.0"},"uid":469744},"2.0.0":{"name":"danielstjules/stringy","description":"A string manipulation library with multibyte support","keywords":["helpers","utility","utf-8","utils","multibyte","string","UTF","manipulation","methods"],"homepage":"https://github.com/danielstjules/Stringy","version":"2.0.0","version_normalized":"2.0.0.0","license":["MIT"],"authors":[{"name":"Daniel St. Jules","email":"danielst.jules@gmail.com","homepage":"http://www.danielstjules.com"}],"source":{"type":"git","url":"https://github.com/danielstjules/Stringy.git","reference":"01fb889a1a6e140443986b67df99bd0a52df225c"},"dist":{"type":"zip","url":"https://api.github.com/repos/danielstjules/Stringy/zipball/01fb889a1a6e140443986b67df99bd0a52df225c","reference":"01fb889a1a6e140443986b67df99bd0a52df225c","shasum":""},"type":"library","time":"2015-07-29T08:36:15+00:00","autoload":{"psr-4":{"Stringy\\":"src/"},"files":["src/Create.php"]},"require":{"php":">=5.3.0","ext-mbstring":"*"},"require-dev":{"phpunit/phpunit":"~4.0"},"uid":476059},"2.1.0":{"name":"danielstjules/stringy","description":"A string manipulation library with multibyte support","keywords":["helpers","utility","utf-8","utils","multibyte","string","UTF","manipulation","methods"],"homepage":"https://github.com/danielstjules/Stringy","version":"2.1.0","version_normalized":"2.1.0.0","license":["MIT"],"authors":[{"name":"Daniel St. Jules","email":"danielst.jules@gmail.com","homepage":"http://www.danielstjules.com"}],"source":{"type":"git","url":"https://github.com/danielstjules/Stringy.git","reference":"efb10020f6f0274bd3c43a1549f37535e0a9d1cc"},"dist":{"type":"zip","url":"https://api.github.com/repos/danielstjules/Stringy/zipball/efb10020f6f0274bd3c43a1549f37535e0a9d1cc","reference":"efb10020f6f0274bd3c43a1549f37535e0a9d1cc","shasum":""},"type":"library","time":"2015-09-03T06:50:48+00:00","autoload":{"psr-4":{"Stringy\\":"src/"},"files":["src/Create.php"]},"require":{"php":">=5.3.0","ext-mbstring":"*"},"require-dev":{"phpunit/phpunit":"~4.0"},"uid":510258},"2.2.0":{"name":"danielstjules/stringy","description":"A string manipulation library with multibyte support","keywords":["helpers","utility","utf-8","utils","multibyte","string","UTF","manipulation","methods"],"homepage":"https://github.com/danielstjules/Stringy","version":"2.2.0","version_normalized":"2.2.0.0","license":["MIT"],"authors":[{"name":"Daniel St. Jules","email":"danielst.jules@gmail.com","homepage":"http://www.danielstjules.com"}],"source":{"type":"git","url":"https://github.com/danielstjules/Stringy.git","reference":"fc39b709533d328380c9b436c9801c619669da09"},"dist":{"type":"zip","url":"https://api.github.com/repos/danielstjules/Stringy/zipball/fc39b709533d328380c9b436c9801c619669da09","reference":"fc39b709533d328380c9b436c9801c619669da09","shasum":""},"type":"library","time":"2015-12-21T00:49:59+00:00","autoload":{"psr-4":{"Stringy\\":"src/"},"files":["src/Create.php"]},"require":{"php":">=5.3.0","ext-mbstring":"*"},"require-dev":{"phpunit/phpunit":"~4.0"},"uid":629244},"2.3.0":{"name":"danielstjules/stringy","description":"A string manipulation library with multibyte support","keywords":["helpers","utility","utf-8","utils","multibyte","string","UTF","manipulation","methods"],"homepage":"https://github.com/danielstjules/Stringy","version":"2.3.0","version_normalized":"2.3.0.0","license":["MIT"],"authors":[{"name":"Daniel St. Jules","email":"danielst.jules@gmail.com","homepage":"http://www.danielstjules.com"}],"source":{"type":"git","url":"https://github.com/danielstjules/Stringy.git","reference":"5554477962a430cc5c79737ffa0fe3cb07f50d66"},"dist":{"type":"zip","url":"https://api.github.com/repos/danielstjules/Stringy/zipball/5554477962a430cc5c79737ffa0fe3cb07f50d66","reference":"5554477962a430cc5c79737ffa0fe3cb07f50d66","shasum":""},"type":"library","time":"2016-03-20T00:33:13+00:00","autoload":{"psr-4":{"Stringy\\":"src/"},"files":["src/Create.php"]},"require":{"php":">=5.3.0","symfony/polyfill-mbstring":"~1.1"},"require-dev":{"phpunit/phpunit":"~4.0"},"uid":744201},"2.3.1":{"name":"danielstjules/stringy","description":"A string manipulation library with multibyte support","keywords":["helpers","utility","utf-8","utils","multibyte","string","UTF","manipulation","methods"],"homepage":"https://github.com/danielstjules/Stringy","version":"2.3.1","version_normalized":"2.3.1.0","license":["MIT"],"authors":[{"name":"Daniel St. Jules","email":"danielst.jules@gmail.com","homepage":"http://www.danielstjules.com"}],"source":{"type":"git","url":"https://github.com/danielstjules/Stringy.git","reference":"bd90918858ae079e34192710946449ed6c0bf795"},"dist":{"type":"zip","url":"https://api.github.com/repos/danielstjules/Stringy/zipball/bd90918858ae079e34192710946449ed6c0bf795","reference":"bd90918858ae079e34192710946449ed6c0bf795","shasum":""},"type":"library","time":"2016-03-21T20:26:21+00:00","autoload":{"psr-4":{"Stringy\\":"src/"},"files":["src/Create.php"]},"require":{"php":">=5.3.0","symfony/polyfill-mbstring":"~1.1"},"require-dev":{"phpunit/phpunit":"~4.0"},"uid":746103},"2.3.2":{"name":"danielstjules/stringy","description":"A string manipulation library with multibyte support","keywords":["helpers","utility","utf-8","utils","multibyte","string","UTF","manipulation","methods"],"homepage":"https://github.com/danielstjules/Stringy","version":"2.3.2","version_normalized":"2.3.2.0","license":["MIT"],"authors":[{"name":"Daniel St. Jules","email":"danielst.jules@gmail.com","homepage":"http://www.danielstjules.com"}],"source":{"type":"git","url":"https://github.com/danielstjules/Stringy.git","reference":"4e214a5195fae3fb558e81b1c6010678f7600643"},"dist":{"type":"zip","url":"https://api.github.com/repos/danielstjules/Stringy/zipball/4e214a5195fae3fb558e81b1c6010678f7600643","reference":"4e214a5195fae3fb558e81b1c6010678f7600643","shasum":""},"type":"library","time":"2016-05-02T15:18:10+00:00","autoload":{"psr-4":{"Stringy\\":"src/"},"files":["src/Create.php"]},"require":{"php":">=5.3.0","symfony/polyfill-mbstring":"~1.1"},"require-dev":{"phpunit/phpunit":"~4.0"},"uid":803604},"2.4.0":{"name":"danielstjules/stringy","description":"A string manipulation library with multibyte support","keywords":["helpers","utility","utf-8","utils","multibyte","string","UTF","manipulation","methods"],"homepage":"https://github.com/danielstjules/Stringy","version":"2.4.0","version_normalized":"2.4.0.0","license":["MIT"],"authors":[{"name":"Daniel St. Jules","email":"danielst.jules@gmail.com","homepage":"http://www.danielstjules.com"}],"source":{"type":"git","url":"https://github.com/danielstjules/Stringy.git","reference":"edbda419cbe4bcc3cb200b7c9811cb6597bf058b"},"dist":{"type":"zip","url":"https://api.github.com/repos/danielstjules/Stringy/zipball/edbda419cbe4bcc3cb200b7c9811cb6597bf058b","reference":"edbda419cbe4bcc3cb200b7c9811cb6597bf058b","shasum":""},"type":"library","time":"2017-03-02T20:43:29+00:00","autoload":{"psr-4":{"Stringy\\":"src/"},"files":["src/Create.php"]},"require":{"php":">=5.3.0","symfony/polyfill-mbstring":"~1.1"},"require-dev":{"phpunit/phpunit":"~4.0"},"uid":1261945},"2.x-dev":{"name":"danielstjules/stringy","description":"A string manipulation library with multibyte support","keywords":["helpers","utility","utf-8","utils","multibyte","string","UTF","manipulation","methods"],"homepage":"https://github.com/danielstjules/Stringy","version":"2.x-dev","version_normalized":"2.9999999.9999999.9999999-dev","license":["MIT"],"authors":[{"name":"Daniel St. Jules","email":"danielst.jules@gmail.com","homepage":"http://www.danielstjules.com"}],"source":{"type":"git","url":"https://github.com/danielstjules/Stringy.git","reference":"edbda419cbe4bcc3cb200b7c9811cb6597bf058b"},"dist":{"type":"zip","url":"https://api.github.com/repos/danielstjules/Stringy/zipball/edbda419cbe4bcc3cb200b7c9811cb6597bf058b","reference":"edbda419cbe4bcc3cb200b7c9811cb6597bf058b","shasum":""},"type":"library","time":"2017-03-02T20:43:29+00:00","autoload":{"psr-4":{"Stringy\\":"src/"},"files":["src/Create.php"]},"require":{"php":">=5.3.0","symfony/polyfill-mbstring":"~1.1"},"require-dev":{"phpunit/phpunit":"~4.0"},"uid":1267369},"3.0.0":{"name":"danielstjules/stringy","description":"A string manipulation library with multibyte support","keywords":["helpers","utility","utf-8","utils","multibyte","string","UTF","manipulation","methods"],"homepage":"https://github.com/danielstjules/Stringy","version":"3.0.0","version_normalized":"3.0.0.0","license":["MIT"],"authors":[{"name":"Daniel St. Jules","email":"danielst.jules@gmail.com","homepage":"http://www.danielstjules.com"}],"source":{"type":"git","url":"https://github.com/danielstjules/Stringy.git","reference":"8b59cd22333b93b5b89f9d108524dca9ca9ceb4e"},"dist":{"type":"zip","url":"https://api.github.com/repos/danielstjules/Stringy/zipball/8b59cd22333b93b5b89f9d108524dca9ca9ceb4e","reference":"8b59cd22333b93b5b89f9d108524dca9ca9ceb4e","shasum":""},"type":"library","time":"2017-03-09T00:52:40+00:00","autoload":{"psr-4":{"Stringy\\":"src/"},"files":["src/Create.php"]},"require":{"php":">=5.4.0","symfony/polyfill-mbstring":"~1.1"},"require-dev":{"phpunit/phpunit":"~4.0"},"uid":1272365},"3.0.1":{"name":"danielstjules/stringy","description":"A string manipulation library with multibyte support","keywords":["helpers","utility","utf-8","utils","multibyte","string","UTF","manipulation","methods"],"homepage":"https://github.com/danielstjules/Stringy","version":"3.0.1","version_normalized":"3.0.1.0","license":["MIT"],"authors":[{"name":"Daniel St. Jules","email":"danielst.jules@gmail.com","homepage":"http://www.danielstjules.com"}],"source":{"type":"git","url":"https://github.com/danielstjules/Stringy.git","reference":"2288363663d94ce11c9ca555f7c760e9f799bb74"},"dist":{"type":"zip","url":"https://api.github.com/repos/danielstjules/Stringy/zipball/2288363663d94ce11c9ca555f7c760e9f799bb74","reference":"2288363663d94ce11c9ca555f7c760e9f799bb74","shasum":""},"type":"library","time":"2017-04-12T15:20:39+00:00","autoload":{"psr-4":{"Stringy\\":"src/"},"files":["src/Create.php"]},"require":{"php":">=5.4.0","symfony/polyfill-mbstring":"~1.1"},"require-dev":{"phpunit/phpunit":"~4.0"},"uid":1340363},"3.1.0":{"name":"danielstjules/stringy","description":"A string manipulation library with multibyte support","keywords":["helpers","utility","utf-8","utils","multibyte","string","UTF","manipulation","methods"],"homepage":"https://github.com/danielstjules/Stringy","version":"3.1.0","version_normalized":"3.1.0.0","license":["MIT"],"authors":[{"name":"Daniel St. Jules","email":"danielst.jules@gmail.com","homepage":"http://www.danielstjules.com"}],"source":{"type":"git","url":"https://github.com/danielstjules/Stringy.git","reference":"df24ab62d2d8213bbbe88cc36fc35a4503b4bd7e"},"dist":{"type":"zip","url":"https://api.github.com/repos/danielstjules/Stringy/zipball/df24ab62d2d8213bbbe88cc36fc35a4503b4bd7e","reference":"df24ab62d2d8213bbbe88cc36fc35a4503b4bd7e","shasum":""},"type":"library","time":"2017-06-12T01:10:27+00:00","autoload":{"psr-4":{"Stringy\\":"src/"},"files":["src/Create.php"]},"require":{"php":">=5.4.0","symfony/polyfill-mbstring":"~1.1"},"require-dev":{"phpunit/phpunit":"~4.0"},"uid":1439544},"dev-disable-mbstring":{"name":"danielstjules/stringy","description":"A string manipulation library with multibyte support","keywords":["helpers","utility","utf-8","utils","multibyte","string","UTF","manipulation","methods"],"homepage":"https://github.com/danielstjules/Stringy","version":"dev-disable-mbstring","version_normalized":"dev-disable-mbstring","license":["MIT"],"authors":[{"name":"Daniel St. Jules","email":"danielst.jules@gmail.com","homepage":"http://www.danielstjules.com"}],"source":{"type":"git","url":"https://github.com/danielstjules/Stringy.git","reference":"ee1e4074a65e63e9dc89db16a58a240709a3b10d"},"dist":{"type":"zip","url":"https://api.github.com/repos/danielstjules/Stringy/zipball/ee1e4074a65e63e9dc89db16a58a240709a3b10d","reference":"ee1e4074a65e63e9dc89db16a58a240709a3b10d","shasum":""},"type":"library","time":"2016-03-21T20:07:25+00:00","autoload":{"psr-4":{"Stringy\\":"src/"},"files":["src/Create.php"]},"require":{"php":">=5.3.0","symfony/polyfill-mbstring":"~1.1"},"require-dev":{"phpunit/phpunit":"~4.0"},"uid":746035},"dev-master":{"name":"danielstjules/stringy","description":"A string manipulation library with multibyte support","keywords":["helpers","utility","utf-8","utils","multibyte","string","UTF","manipulation","methods"],"homepage":"https://github.com/danielstjules/Stringy","version":"dev-master","version_normalized":"9999999-dev","license":["MIT"],"authors":[{"name":"Daniel St. Jules","email":"danielst.jules@gmail.com","homepage":"http://www.danielstjules.com"}],"source":{"type":"git","url":"https://github.com/danielstjules/Stringy.git","reference":"df24ab62d2d8213bbbe88cc36fc35a4503b4bd7e"},"dist":{"type":"zip","url":"https://api.github.com/repos/danielstjules/Stringy/zipball/df24ab62d2d8213bbbe88cc36fc35a4503b4bd7e","reference":"df24ab62d2d8213bbbe88cc36fc35a4503b4bd7e","shasum":""},"type":"library","time":"2017-06-12T01:10:27+00:00","autoload":{"psr-4":{"Stringy\\":"src/"},"files":["src/Create.php"]},"require":{"symfony/polyfill-mbstring":"~1.1","php":">=5.4.0"},"require-dev":{"phpunit/phpunit":"~4.0"},"uid":68448}}}}