{"packages":{"egulias/email-validator":{"1.0.0":{"name":"egulias/email-validator","description":"A library for validating emails","keywords":["email","validator","validation"],"homepage":"https://github.com/egulias/EmailValidator","version":"1.0.0","version_normalized":"1.0.0.0","license":["MIT"],"authors":[{"name":"Eduardo Gulias Davis"}],"source":{"type":"git","url":"https://github.com/egulias/EmailValidator.git","reference":"f8e9c2552431d5455ae6becda74c7e134ad5145c"},"dist":{"type":"zip","url":"https://api.github.com/repos/egulias/EmailValidator/zipball/f8e9c2552431d5455ae6becda74c7e134ad5145c","reference":"f8e9c2552431d5455ae6becda74c7e134ad5145c","shasum":""},"type":"library","time":"2013-05-19T17:34:36+00:00","autoload":{"psr-0":{"egulias\\":"src/"}},"require":{"jms/parser-lib":"dev-master","php":">= 5.3.3"},"uid":56323},"1.1.0":{"name":"egulias/email-validator","description":"A library for validating emails","keywords":["email","validator","validation"],"homepage":"https://github.com/egulias/EmailValidator","version":"1.1.0","version_normalized":"1.1.0.0","license":["MIT"],"authors":[{"name":"Eduardo Gulias Davis"}],"source":{"type":"git","url":"https://github.com/egulias/EmailValidator.git","reference":"f61c17d6fe190aaca95d0de20a09a979ebd4d6a4"},"dist":{"type":"zip","url":"https://api.github.com/repos/egulias/EmailValidator/zipball/f61c17d6fe190aaca95d0de20a09a979ebd4d6a4","reference":"f61c17d6fe190aaca95d0de20a09a979ebd4d6a4","shasum":""},"type":"library","time":"2013-12-08T17:42:31+00:00","autoload":{"psr-0":{"Egulias\\":"src/"}},"extra":{"branch-alias":{"dev-master":"1.0.x-dev"}},"require":{"php":">= 5.3.3","doctrine/lexer":"~1.0"},"uid":108371},"1.1.1":{"name":"egulias/email-validator","description":"A library for validating emails","keywords":["email","validator","validation"],"homepage":"https://github.com/egulias/EmailValidator","version":"1.1.1","version_normalized":"1.1.1.0","license":["MIT"],"authors":[{"name":"Eduardo Gulias Davis"}],"source":{"type":"git","url":"https://github.com/egulias/EmailValidator.git","reference":"f064a586114c9864da45508b1b09911643635e94"},"dist":{"type":"zip","url":"https://api.github.com/repos/egulias/EmailValidator/zipball/f064a586114c9864da45508b1b09911643635e94","reference":"f064a586114c9864da45508b1b09911643635e94","shasum":""},"type":"library","time":"2014-01-12T23:12:24+00:00","autoload":{"psr-0":{"Egulias\\":"src/"}},"extra":{"branch-alias":{"dev-master":"1.0.x-dev"}},"require":{"php":">= 5.3.3","doctrine/lexer":"~1.0"},"uid":119666},"1.2.0":{"name":"egulias/email-validator","description":"A library for validating emails","keywords":["email","validator","validation"],"homepage":"https://github.com/egulias/EmailValidator","version":"1.2.0","version_normalized":"1.2.0.0","license":["MIT"],"authors":[{"name":"Eduardo Gulias Davis"}],"source":{"type":"git","url":"https://github.com/egulias/EmailValidator.git","reference":"bb530a193056992702df9f722e8814f57bdb13c2"},"dist":{"type":"zip","url":"https://api.github.com/repos/egulias/EmailValidator/zipball/bb530a193056992702df9f722e8814f57bdb13c2","reference":"bb530a193056992702df9f722e8814f57bdb13c2","shasum":""},"type":"library","time":"2014-07-06T17:21:29+00:00","autoload":{"psr-0":{"Egulias\\":"src/"}},"extra":{"branch-alias":{"dev-master":"1.0.x-dev"}},"require":{"php":">= 5.3.3","doctrine/lexer":"~1.0"},"require-dev":{"satooshi/php-coveralls":"dev-master"},"uid":197665},"1.2.1":{"name":"egulias/email-validator","description":"A library for validating emails","keywords":["email","validator","validation"],"homepage":"https://github.com/egulias/EmailValidator","version":"1.2.1","version_normalized":"1.2.1.0","license":["MIT"],"authors":[{"name":"Eduardo Gulias Davis"}],"source":{"type":"git","url":"https://github.com/egulias/EmailValidator.git","reference":"65afaf3f2bb3dc1ec635a0bb26e160df42b6848e"},"dist":{"type":"zip","url":"https://api.github.com/repos/egulias/EmailValidator/zipball/65afaf3f2bb3dc1ec635a0bb26e160df42b6848e","reference":"65afaf3f2bb3dc1ec635a0bb26e160df42b6848e","shasum":""},"type":"library","time":"2014-08-21T23:08:16+00:00","autoload":{"psr-0":{"Egulias\\":"src/"}},"extra":{"branch-alias":{"dev-master":"1.0.x-dev"}},"require":{"php":">= 5.3.3","doctrine/lexer":"~1.0"},"require-dev":{"satooshi/php-coveralls":"dev-master"},"uid":221859},"1.2.10":{"name":"egulias/email-validator","description":"A library for validating emails","keywords":["email","validator","validation","emailvalidation","emailvalidator"],"homepage":"https://github.com/egulias/EmailValidator","version":"1.2.10","version_normalized":"1.2.10.0","license":["MIT"],"authors":[{"name":"Eduardo Gulias Davis"}],"source":{"type":"git","url":"https://github.com/egulias/EmailValidator.git","reference":"de448a30fa78f2dc93889be529e875a13c6034ac"},"dist":{"type":"zip","url":"https://api.github.com/repos/egulias/EmailValidator/zipball/de448a30fa78f2dc93889be529e875a13c6034ac","reference":"de448a30fa78f2dc93889be529e875a13c6034ac","shasum":""},"type":"library","time":"2015-10-11T22:34:23+00:00","autoload":{"psr-0":{"Egulias\\":"src/"}},"extra":{"branch-alias":{"dev-master":"2.0.x-dev"}},"require":{"php":">= 5.3.3","doctrine/lexer":"~1.0,>=1.0.1"},"require-dev":{"satooshi/php-coveralls":"dev-master","phpunit/phpunit":"~4.4"},"uid":547719},"1.2.11":{"name":"egulias/email-validator","description":"A library for validating emails","keywords":["email","validator","validation","emailvalidation","emailvalidator"],"homepage":"https://github.com/egulias/EmailValidator","version":"1.2.11","version_normalized":"1.2.11.0","license":["MIT"],"authors":[{"name":"Eduardo Gulias Davis"}],"source":{"type":"git","url":"https://github.com/egulias/EmailValidator.git","reference":"04c6cdf9871140b80947c87db7770c0dd9c75c7c"},"dist":{"type":"zip","url":"https://api.github.com/repos/egulias/EmailValidator/zipball/04c6cdf9871140b80947c87db7770c0dd9c75c7c","reference":"04c6cdf9871140b80947c87db7770c0dd9c75c7c","shasum":""},"type":"library","time":"2015-11-11T03:28:32+00:00","autoload":{"psr-0":{"Egulias\\":"src/"}},"extra":{"branch-alias":{"dev-master":"2.0.x-dev"}},"require":{"php":">= 5.3.3","doctrine/lexer":"~1.0,>=1.0.1"},"require-dev":{"satooshi/php-coveralls":"dev-master","phpunit/phpunit":"~4.4"},"uid":581371},"1.2.12":{"name":"egulias/email-validator","description":"A library for validating emails","keywords":["email","validator","validation","emailvalidation","emailvalidator"],"homepage":"https://github.com/egulias/EmailValidator","version":"1.2.12","version_normalized":"1.2.12.0","license":["MIT"],"authors":[{"name":"Eduardo Gulias Davis"}],"source":{"type":"git","url":"https://github.com/egulias/EmailValidator.git","reference":"cbfe3ee6f758225559b1111048e05a3e4c2e26cf"},"dist":{"type":"zip","url":"https://api.github.com/repos/egulias/EmailValidator/zipball/cbfe3ee6f758225559b1111048e05a3e4c2e26cf","reference":"cbfe3ee6f758225559b1111048e05a3e4c2e26cf","shasum":""},"type":"library","time":"2016-05-15T10:06:34+00:00","autoload":{"psr-0":{"Egulias\\":"src/"}},"extra":{"branch-alias":{"dev-master":"2.0.x-dev"}},"require":{"php":">= 5.3.3","doctrine/lexer":"^1.0.1"},"require-dev":{"phpunit/phpunit":"^4.8.24"},"uid":823236},"1.2.13":{"name":"egulias/email-validator","description":"A library for validating emails","keywords":["email","validator","validation","emailvalidation","emailvalidator"],"homepage":"https://github.com/egulias/EmailValidator","version":"1.2.13","version_normalized":"1.2.13.0","license":["MIT"],"authors":[{"name":"Eduardo Gulias Davis"}],"source":{"type":"git","url":"https://github.com/egulias/EmailValidator.git","reference":"b8bb147f46cc9790326ce2440a13be06cc5a63bb"},"dist":{"type":"zip","url":"https://api.github.com/repos/egulias/EmailValidator/zipball/b8bb147f46cc9790326ce2440a13be06cc5a63bb","reference":"b8bb147f46cc9790326ce2440a13be06cc5a63bb","shasum":""},"type":"library","time":"2016-07-03T21:52:18+00:00","autoload":{"psr-0":{"Egulias\\":"src/"}},"extra":{"branch-alias":{"dev-master":"2.0.x-dev"}},"require":{"php":">= 5.3.3","doctrine/lexer":"^1.0.1"},"require-dev":{"phpunit/phpunit":"^4.8.24"},"uid":890467},"1.2.14":{"name":"egulias/email-validator","description":"A library for validating emails","keywords":["email","validator","validation","emailvalidation","emailvalidator"],"homepage":"https://github.com/egulias/EmailValidator","version":"1.2.14","version_normalized":"1.2.14.0","license":["MIT"],"authors":[{"name":"Eduardo Gulias Davis"}],"source":{"type":"git","url":"https://github.com/egulias/EmailValidator.git","reference":"5642614492f0ca2064c01d60cc33284cc2f731a9"},"dist":{"type":"zip","url":"https://api.github.com/repos/egulias/EmailValidator/zipball/5642614492f0ca2064c01d60cc33284cc2f731a9","reference":"5642614492f0ca2064c01d60cc33284cc2f731a9","shasum":""},"type":"library","time":"2017-02-03T22:48:59+00:00","autoload":{"psr-0":{"Egulias\\":"src/"}},"extra":{"branch-alias":{"dev-master":"2.0.x-dev"}},"require":{"php":">= 5.3.3","doctrine/lexer":"^1.0.1"},"require-dev":{"phpunit/phpunit":"^4.8.24"},"uid":1212484},"1.2.15":{"name":"egulias/email-validator","description":"A library for validating emails","keywords":["email","validator","validation","emailvalidation","emailvalidator"],"homepage":"https://github.com/egulias/EmailValidator","version":"1.2.15","version_normalized":"1.2.15.0","license":["MIT"],"authors":[{"name":"Eduardo Gulias Davis"}],"source":{"type":"git","url":"https://github.com/egulias/EmailValidator.git","reference":"758a77525bdaabd6c0f5669176bd4361cb2dda9e"},"dist":{"type":"zip","url":"https://api.github.com/repos/egulias/EmailValidator/zipball/758a77525bdaabd6c0f5669176bd4361cb2dda9e","reference":"758a77525bdaabd6c0f5669176bd4361cb2dda9e","shasum":""},"type":"library","time":"2018-09-25T20:59:41+00:00","autoload":{"psr-0":{"Egulias\\":"src/"}},"extra":{"branch-alias":{"dev-master":"2.0.x-dev"}},"require":{"php":">= 5.3.3","doctrine/lexer":"^1.0.1"},"require-dev":{"phpunit/phpunit":"^4.8.24"},"uid":2484523},"1.2.2":{"name":"egulias/email-validator","description":"A library for validating emails","keywords":["email","validator","validation"],"homepage":"https://github.com/egulias/EmailValidator","version":"1.2.2","version_normalized":"1.2.2.0","license":["MIT"],"authors":[{"name":"Eduardo Gulias Davis"}],"source":{"type":"git","url":"https://github.com/egulias/EmailValidator.git","reference":"39b451bb2bb0655d83d82a38a0bba7189298cfc5"},"dist":{"type":"zip","url":"https://api.github.com/repos/egulias/EmailValidator/zipball/39b451bb2bb0655d83d82a38a0bba7189298cfc5","reference":"39b451bb2bb0655d83d82a38a0bba7189298cfc5","shasum":""},"type":"library","time":"2014-09-01T22:35:48+00:00","autoload":{"psr-0":{"Egulias\\":"src/"}},"extra":{"branch-alias":{"dev-master":"1.0.x-dev"}},"require":{"php":">= 5.3.3","doctrine/lexer":"~1.0"},"require-dev":{"satooshi/php-coveralls":"dev-master"},"uid":227708},"1.2.3":{"name":"egulias/email-validator","description":"A library for validating emails","keywords":["email","validator","validation"],"homepage":"https://github.com/egulias/EmailValidator","version":"1.2.3","version_normalized":"1.2.3.0","license":["MIT"],"authors":[{"name":"Eduardo Gulias Davis"}],"source":{"type":"git","url":"https://github.com/egulias/EmailValidator.git","reference":"49494c3189b7f07d7262c53057de3569b57605b4"},"dist":{"type":"zip","url":"https://api.github.com/repos/egulias/EmailValidator/zipball/49494c3189b7f07d7262c53057de3569b57605b4","reference":"49494c3189b7f07d7262c53057de3569b57605b4","shasum":""},"type":"library","time":"2014-10-26T22:13:52+00:00","autoload":{"psr-0":{"Egulias\\":"src/"}},"extra":{"branch-alias":{"dev-master":"1.3.x-dev"}},"require":{"php":">= 5.3.3","doctrine/lexer":"~1.0"},"require-dev":{"satooshi/php-coveralls":"dev-master"},"uid":257644},"1.2.4":{"name":"egulias/email-validator","description":"A library for validating emails","keywords":["email","validator","validation"],"homepage":"https://github.com/egulias/EmailValidator","version":"1.2.4","version_normalized":"1.2.4.0","license":["MIT"],"authors":[{"name":"Eduardo Gulias Davis"}],"source":{"type":"git","url":"https://github.com/egulias/EmailValidator.git","reference":"5c3a79217cbb98c975d7d23f12749e6f0be5cace"},"dist":{"type":"zip","url":"https://api.github.com/repos/egulias/EmailValidator/zipball/5c3a79217cbb98c975d7d23f12749e6f0be5cace","reference":"5c3a79217cbb98c975d7d23f12749e6f0be5cace","shasum":""},"type":"library","time":"2014-11-02T23:13:57+00:00","autoload":{"psr-0":{"Egulias\\":"src/"}},"extra":{"branch-alias":{"dev-master":"1.3.x-dev"}},"require":{"php":">= 5.3.3","doctrine/lexer":"~1.0"},"require-dev":{"satooshi/php-coveralls":"dev-master"},"uid":261770},"1.2.5":{"name":"egulias/email-validator","description":"A library for validating emails","keywords":["email","validator","validation"],"homepage":"https://github.com/egulias/EmailValidator","version":"1.2.5","version_normalized":"1.2.5.0","license":["MIT"],"authors":[{"name":"Eduardo Gulias Davis"}],"source":{"type":"git","url":"https://github.com/egulias/EmailValidator.git","reference":"518f80a0ff7c1a35780e7702f4262c8c6f2b807f"},"dist":{"type":"zip","url":"https://api.github.com/repos/egulias/EmailValidator/zipball/518f80a0ff7c1a35780e7702f4262c8c6f2b807f","reference":"518f80a0ff7c1a35780e7702f4262c8c6f2b807f","shasum":""},"type":"library","time":"2014-11-06T08:59:44+00:00","autoload":{"psr-0":{"Egulias\\":"src/"}},"extra":{"branch-alias":{"dev-master":"1.3.x-dev"}},"require":{"php":">= 5.3.3","doctrine/lexer":"~1.0"},"require-dev":{"satooshi/php-coveralls":"dev-master"},"uid":264466},"1.2.6":{"name":"egulias/email-validator","description":"A library for validating emails","keywords":["email","validator","validation"],"homepage":"https://github.com/egulias/EmailValidator","version":"1.2.6","version_normalized":"1.2.6.0","license":["MIT"],"authors":[{"name":"Eduardo Gulias Davis"}],"source":{"type":"git","url":"https://github.com/egulias/EmailValidator.git","reference":"7a64ea18af01a114e8241a397097b266af5411ee"},"dist":{"type":"zip","url":"https://api.github.com/repos/egulias/EmailValidator/zipball/7a64ea18af01a114e8241a397097b266af5411ee","reference":"7a64ea18af01a114e8241a397097b266af5411ee","shasum":""},"type":"library","time":"2014-11-29T09:09:14+00:00","autoload":{"psr-0":{"Egulias\\":"src/"}},"extra":{"branch-alias":{"dev-master":"1.3.x-dev"}},"require":{"php":">= 5.3.3","doctrine/lexer":"dev-master"},"require-dev":{"satooshi/php-coveralls":"dev-master"},"uid":279582},"1.2.7":{"name":"egulias/email-validator","description":"A library for validating emails","keywords":["email","validator","validation"],"homepage":"https://github.com/egulias/EmailValidator","version":"1.2.7","version_normalized":"1.2.7.0","license":["MIT"],"authors":[{"name":"Eduardo Gulias Davis"}],"source":{"type":"git","url":"https://github.com/egulias/EmailValidator.git","reference":"af9417f765623429c9d2a200f0159537e08d1ef3"},"dist":{"type":"zip","url":"https://api.github.com/repos/egulias/EmailValidator/zipball/af9417f765623429c9d2a200f0159537e08d1ef3","reference":"af9417f765623429c9d2a200f0159537e08d1ef3","shasum":""},"type":"library","time":"2015-01-04T22:42:32+00:00","autoload":{"psr-0":{"Egulias\\":"src/"}},"extra":{"branch-alias":{"dev-master":"1.3.x-dev"}},"require":{"php":">= 5.3.3","doctrine/lexer":"~1.0"},"require-dev":{"satooshi/php-coveralls":"dev-master"},"uid":299235},"1.2.8":{"name":"egulias/email-validator","description":"A library for validating emails","keywords":["email","validator","validation"],"homepage":"https://github.com/egulias/EmailValidator","version":"1.2.8","version_normalized":"1.2.8.0","license":["MIT"],"authors":[{"name":"Eduardo Gulias Davis"}],"source":{"type":"git","url":"https://github.com/egulias/EmailValidator.git","reference":"5631c3fe2e56cd5a3f79b20fae970d884a5ff951"},"dist":{"type":"zip","url":"https://api.github.com/repos/egulias/EmailValidator/zipball/5631c3fe2e56cd5a3f79b20fae970d884a5ff951","reference":"5631c3fe2e56cd5a3f79b20fae970d884a5ff951","shasum":""},"type":"library","time":"2015-04-26T15:49:00+00:00","autoload":{"psr-0":{"Egulias\\":"src/"}},"extra":{"branch-alias":{"dev-master":"1.3.x-dev"}},"require":{"php":">= 5.3.3","doctrine/lexer":"~1.0,>=1.0.1"},"require-dev":{"satooshi/php-coveralls":"dev-master","phpunit/phpunit":"~4.4"},"uid":391386},"1.2.9":{"name":"egulias/email-validator","description":"A library for validating emails","keywords":["email","validator","validation","emailvalidation","emailvalidator"],"homepage":"https://github.com/egulias/EmailValidator","version":"1.2.9","version_normalized":"1.2.9.0","license":["MIT"],"authors":[{"name":"Eduardo Gulias Davis"}],"source":{"type":"git","url":"https://github.com/egulias/EmailValidator.git","reference":"af864423f50ea59f96c87bb1eae147a70bcf67a1"},"dist":{"type":"zip","url":"https://api.github.com/repos/egulias/EmailValidator/zipball/af864423f50ea59f96c87bb1eae147a70bcf67a1","reference":"af864423f50ea59f96c87bb1eae147a70bcf67a1","shasum":""},"type":"library","time":"2015-06-22T21:07:51+00:00","autoload":{"psr-0":{"Egulias\\":"src/"}},"extra":{"branch-alias":{"dev-master":"2.0.x-dev"}},"require":{"php":">= 5.3.3","doctrine/lexer":"~1.0,>=1.0.1"},"require-dev":{"satooshi/php-coveralls":"dev-master","phpunit/phpunit":"~4.4"},"uid":441035},"1.2.x-dev":{"name":"egulias/email-validator","description":"A library for validating emails","keywords":["email","validator","validation","emailvalidation","emailvalidator"],"homepage":"https://github.com/egulias/EmailValidator","version":"1.2.x-dev","version_normalized":"1.2.9999999.9999999-dev","license":["MIT"],"authors":[{"name":"Eduardo Gulias Davis"}],"source":{"type":"git","url":"https://github.com/egulias/EmailValidator.git","reference":"758a77525bdaabd6c0f5669176bd4361cb2dda9e"},"dist":{"type":"zip","url":"https://api.github.com/repos/egulias/EmailValidator/zipball/758a77525bdaabd6c0f5669176bd4361cb2dda9e","reference":"758a77525bdaabd6c0f5669176bd4361cb2dda9e","shasum":""},"type":"library","time":"2018-09-25T20:59:41+00:00","autoload":{"psr-0":{"Egulias\\":"src/"}},"extra":{"branch-alias":{"dev-master":"2.0.x-dev"}},"require":{"php":">= 5.3.3","doctrine/lexer":"^1.0.1"},"require-dev":{"phpunit/phpunit":"^4.8.24"},"uid":441036},"2.0.0":{"name":"egulias/email-validator","description":"A library for validating emails against several RFCs","keywords":["email","validator","validation","emailvalidation","emailvalidator"],"homepage":"https://github.com/egulias/EmailValidator","version":"2.0.0","version_normalized":"2.0.0.0","license":["MIT"],"authors":[{"name":"Eduardo Gulias Davis"}],"source":{"type":"git","url":"https://github.com/egulias/EmailValidator.git","reference":"f5ea1fbb9c462f009994d6fcd3c0dd5eda719432"},"dist":{"type":"zip","url":"https://api.github.com/repos/egulias/EmailValidator/zipball/f5ea1fbb9c462f009994d6fcd3c0dd5eda719432","reference":"f5ea1fbb9c462f009994d6fcd3c0dd5eda719432","shasum":""},"type":"library","time":"2016-05-16T17:21:35+00:00","autoload":{"psr-4":{"Egulias\\EmailValidator\\":"EmailValidator"}},"extra":{"branch-alias":{"dev-master":"2.0.x-dev"}},"require":{"php":">= 5.5","doctrine/lexer":"^1.0.1"},"require-dev":{"satooshi/php-coveralls":"dev-master","phpunit/phpunit":"^4.8.0","dominicsayers/isemail":"dev-master"},"uid":823243},"2.0.1":{"name":"egulias/email-validator","description":"A library for validating emails against several RFCs","keywords":["email","validator","validation","emailvalidation","emailvalidator"],"homepage":"https://github.com/egulias/EmailValidator","version":"2.0.1","version_normalized":"2.0.1.0","license":["MIT"],"authors":[{"name":"Eduardo Gulias Davis"}],"source":{"type":"git","url":"https://github.com/egulias/EmailValidator.git","reference":"b366d54b0a1e60b5275f6306a3fd1e7af2ec765a"},"dist":{"type":"zip","url":"https://api.github.com/repos/egulias/EmailValidator/zipball/b366d54b0a1e60b5275f6306a3fd1e7af2ec765a","reference":"b366d54b0a1e60b5275f6306a3fd1e7af2ec765a","shasum":""},"type":"library","time":"2016-07-03T21:53:17+00:00","autoload":{"psr-4":{"Egulias\\EmailValidator\\":"EmailValidator"}},"extra":{"branch-alias":{"dev-master":"2.0.x-dev"}},"require":{"php":">= 5.5","doctrine/lexer":"^1.0.1"},"require-dev":{"satooshi/php-coveralls":"dev-master","phpunit/phpunit":"^4.8.0","dominicsayers/isemail":"dev-master"},"uid":890477},"2.1.0":{"name":"egulias/email-validator","description":"A library for validating emails against several RFCs","keywords":["email","validator","validation","emailvalidation","emailvalidator"],"homepage":"https://github.com/egulias/EmailValidator","version":"2.1.0","version_normalized":"2.1.0.0","license":["MIT"],"authors":[{"name":"Eduardo Gulias Davis"}],"source":{"type":"git","url":"https://github.com/egulias/EmailValidator.git","reference":"19811e00829958f06d9bfbfeb0d0e6b7aaff3767"},"dist":{"type":"zip","url":"https://api.github.com/repos/egulias/EmailValidator/zipball/19811e00829958f06d9bfbfeb0d0e6b7aaff3767","reference":"19811e00829958f06d9bfbfeb0d0e6b7aaff3767","shasum":""},"type":"library","time":"2016-07-12T13:22:10+00:00","autoload":{"psr-4":{"Egulias\\EmailValidator\\":"EmailValidator"}},"extra":{"branch-alias":{"dev-master":"2.0.x-dev"}},"require":{"php":">= 5.5","doctrine/lexer":"^1.0.1"},"require-dev":{"satooshi/php-coveralls":"dev-master","phpunit/phpunit":"^4.8.0","dominicsayers/isemail":"dev-master"},"uid":906013},"2.1.1":{"name":"egulias/email-validator","description":"A library for validating emails against several RFCs","keywords":["email","validator","validation","emailvalidation","emailvalidator"],"homepage":"https://github.com/egulias/EmailValidator","version":"2.1.1","version_normalized":"2.1.1.0","license":["MIT"],"authors":[{"name":"Eduardo Gulias Davis"}],"source":{"type":"git","url":"https://github.com/egulias/EmailValidator.git","reference":"30562b69fc6c8e9740645877a98063b3842204b2"},"dist":{"type":"zip","url":"https://api.github.com/repos/egulias/EmailValidator/zipball/30562b69fc6c8e9740645877a98063b3842204b2","reference":"30562b69fc6c8e9740645877a98063b3842204b2","shasum":""},"type":"library","time":"2016-08-07T21:18:59+00:00","autoload":{"psr-4":{"Egulias\\EmailValidator\\":"EmailValidator"}},"extra":{"branch-alias":{"dev-master":"2.0.x-dev"}},"require":{"php":">= 5.5","doctrine/lexer":"^1.0.1"},"require-dev":{"satooshi/php-coveralls":"dev-master","phpunit/phpunit":"^4.8.0","dominicsayers/isemail":"dev-master"},"suggest":{"ext/php-intl":"PHP Internationalization Libraries are required to use the SpoofChecking validation"},"uid":937260},"2.1.2":{"name":"egulias/email-validator","description":"A library for validating emails against several RFCs","keywords":["email","validator","validation","emailvalidation","emailvalidator"],"homepage":"https://github.com/egulias/EmailValidator","version":"2.1.2","version_normalized":"2.1.2.0","license":["MIT"],"authors":[{"name":"Eduardo Gulias Davis"}],"source":{"type":"git","url":"https://github.com/egulias/EmailValidator.git","reference":"bc31baa11ea2883e017f0a10d9722ef9d50eac1c"},"dist":{"type":"zip","url":"https://api.github.com/repos/egulias/EmailValidator/zipball/bc31baa11ea2883e017f0a10d9722ef9d50eac1c","reference":"bc31baa11ea2883e017f0a10d9722ef9d50eac1c","shasum":""},"type":"library","time":"2017-01-30T22:07:36+00:00","autoload":{"psr-4":{"Egulias\\EmailValidator\\":"EmailValidator"}},"extra":{"branch-alias":{"dev-master":"2.0.x-dev"}},"require":{"php":">= 5.5","doctrine/lexer":"^1.0.1"},"require-dev":{"satooshi/php-coveralls":"dev-master","phpunit/phpunit":"^4.8.0","dominicsayers/isemail":"dev-master"},"suggest":{"ext-intl":"PHP Internationalization Libraries are required to use the SpoofChecking validation"},"uid":1203850},"2.1.3":{"name":"egulias/email-validator","description":"A library for validating emails against several RFCs","keywords":["email","validator","validation","emailvalidation","emailvalidator"],"homepage":"https://github.com/egulias/EmailValidator","version":"2.1.3","version_normalized":"2.1.3.0","license":["MIT"],"authors":[{"name":"Eduardo Gulias Davis"}],"source":{"type":"git","url":"https://github.com/egulias/EmailValidator.git","reference":"1bec00a10039b823cc94eef4eddd47dcd3b2ca04"},"dist":{"type":"zip","url":"https://api.github.com/repos/egulias/EmailValidator/zipball/1bec00a10039b823cc94eef4eddd47dcd3b2ca04","reference":"1bec00a10039b823cc94eef4eddd47dcd3b2ca04","shasum":""},"type":"library","time":"2017-11-15T23:40:40+00:00","autoload":{"psr-4":{"Egulias\\EmailValidator\\":"EmailValidator"}},"extra":{"branch-alias":{"dev-master":"2.0.x-dev"}},"require":{"php":">= 5.5","doctrine/lexer":"^1.0.1"},"require-dev":{"satooshi/php-coveralls":"^1.0.1","phpunit/phpunit":"^4.8.35","dominicsayers/isemail":"dev-master"},"suggest":{"ext-intl":"PHP Internationalization Libraries are required to use the SpoofChecking validation"},"uid":1729720},"2.1.4":{"name":"egulias/email-validator","description":"A library for validating emails against several RFCs","keywords":["email","validator","validation","emailvalidation","emailvalidator"],"homepage":"https://github.com/egulias/EmailValidator","version":"2.1.4","version_normalized":"2.1.4.0","license":["MIT"],"authors":[{"name":"Eduardo Gulias Davis"}],"source":{"type":"git","url":"https://github.com/egulias/EmailValidator.git","reference":"8790f594151ca6a2010c6218e09d96df67173ad3"},"dist":{"type":"zip","url":"https://api.github.com/repos/egulias/EmailValidator/zipball/8790f594151ca6a2010c6218e09d96df67173ad3","reference":"8790f594151ca6a2010c6218e09d96df67173ad3","shasum":""},"type":"library","time":"2018-04-10T10:11:19+00:00","autoload":{"psr-4":{"Egulias\\EmailValidator\\":"EmailValidator"}},"extra":{"branch-alias":{"dev-master":"2.0.x-dev"}},"require":{"php":">= 5.5","doctrine/lexer":"^1.0.1"},"require-dev":{"satooshi/php-coveralls":"^1.0.1","phpunit/phpunit":"^4.8.35||^5.7||^6.0","dominicsayers/isemail":"dev-master"},"suggest":{"ext-intl":"PHP Internationalization Libraries are required to use the SpoofChecking validation"},"uid":2088813},"2.1.5":{"name":"egulias/email-validator","description":"A library for validating emails against several RFCs","keywords":["email","validator","validation","emailvalidation","emailvalidator"],"homepage":"https://github.com/egulias/EmailValidator","version":"2.1.5","version_normalized":"2.1.5.0","license":["MIT"],"authors":[{"name":"Eduardo Gulias Davis"}],"source":{"type":"git","url":"https://github.com/egulias/EmailValidator.git","reference":"54859fabea8b3beecbb1a282888d5c990036b9e3"},"dist":{"type":"zip","url":"https://api.github.com/repos/egulias/EmailValidator/zipball/54859fabea8b3beecbb1a282888d5c990036b9e3","reference":"54859fabea8b3beecbb1a282888d5c990036b9e3","shasum":""},"type":"library","time":"2018-08-16T20:49:45+00:00","autoload":{"psr-4":{"Egulias\\EmailValidator\\":"EmailValidator"}},"extra":{"branch-alias":{"dev-master":"2.0.x-dev"}},"require":{"php":">= 5.5","doctrine/lexer":"^1.0.1"},"require-dev":{"satooshi/php-coveralls":"^1.0.1","phpunit/phpunit":"^4.8.35||^5.7||^6.0","dominicsayers/isemail":"dev-master"},"suggest":{"ext-intl":"PHP Internationalization Libraries are required to use the SpoofChecking validation"},"uid":2404669},"2.1.6":{"name":"egulias/email-validator","description":"A library for validating emails against several RFCs","keywords":["email","validator","validation","emailvalidation","emailvalidator"],"homepage":"https://github.com/egulias/EmailValidator","version":"2.1.6","version_normalized":"2.1.6.0","license":["MIT"],"authors":[{"name":"Eduardo Gulias Davis"}],"source":{"type":"git","url":"https://github.com/egulias/EmailValidator.git","reference":"0578b32b30b22de3e8664f797cf846fc9246f786"},"dist":{"type":"zip","url":"https://api.github.com/repos/egulias/EmailValidator/zipball/0578b32b30b22de3e8664f797cf846fc9246f786","reference":"0578b32b30b22de3e8664f797cf846fc9246f786","shasum":""},"type":"library","time":"2018-09-25T20:47:26+00:00","autoload":{"psr-4":{"Egulias\\EmailValidator\\":"EmailValidator"}},"extra":{"branch-alias":{"dev-master":"2.0.x-dev"}},"require":{"php":">= 5.5","doctrine/lexer":"^1.0.1"},"require-dev":{"satooshi/php-coveralls":"^1.0.1","phpunit/phpunit":"^4.8.35||^5.7||^6.0","dominicsayers/isemail":"dev-master"},"suggest":{"ext-intl":"PHP Internationalization Libraries are required to use the SpoofChecking validation"},"uid":2484511},"dev-1_2_cyrillic_email":{"name":"egulias/email-validator","description":"A library for validating emails","keywords":["email","validator","validation","emailvalidation","emailvalidator"],"homepage":"https://github.com/egulias/EmailValidator","version":"dev-1_2_cyrillic_email","version_normalized":"dev-1_2_cyrillic_email","license":["MIT"],"authors":[{"name":"Eduardo Gulias Davis"}],"source":{"type":"git","url":"https://github.com/egulias/EmailValidator.git","reference":"3f30305093533235cc09c61779bf888ffdea60d1"},"dist":{"type":"zip","url":"https://api.github.com/repos/egulias/EmailValidator/zipball/3f30305093533235cc09c61779bf888ffdea60d1","reference":"3f30305093533235cc09c61779bf888ffdea60d1","shasum":""},"type":"library","time":"2016-05-15T10:02:20+00:00","autoload":{"psr-0":{"Egulias\\":"src/"}},"extra":{"branch-alias":{"dev-master":"2.0.x-dev"}},"require":{"php":">= 5.3.3","doctrine/lexer":"^1.0.1"},"require-dev":{"phpunit/phpunit":"^4.8.24"},"uid":821464},"dev-62_validation_interface":{"name":"egulias/email-validator","description":"A library for validating emails","keywords":["email","validator","validation","emailvalidation","emailvalidator"],"homepage":"https://github.com/egulias/EmailValidator","version":"dev-62_validation_interface","version_normalized":"dev-62_validation_interface","license":["MIT"],"authors":[{"name":"Eduardo Gulias Davis"}],"source":{"type":"git","url":"https://github.com/egulias/EmailValidator.git","reference":"d2dddad4632f4a82c26770166defc874647a293a"},"dist":{"type":"zip","url":"https://api.github.com/repos/egulias/EmailValidator/zipball/d2dddad4632f4a82c26770166defc874647a293a","reference":"d2dddad4632f4a82c26770166defc874647a293a","shasum":""},"type":"library","time":"2016-04-30T10:27:56+00:00","autoload":{"psr-0":{"Egulias\\":"src/"}},"extra":{"branch-alias":{"dev-master":"2.0.x-dev"}},"require":{"php":">= 5.5","doctrine/lexer":"~1.0,>=1.0.1"},"require-dev":{"satooshi/php-coveralls":"dev-master","phpunit/phpunit":"~4.4"},"uid":801116},"dev-66-custom-errors":{"name":"egulias/email-validator","description":"A library for validating emails","keywords":["email","validator","validation","emailvalidation","emailvalidator"],"homepage":"https://github.com/egulias/EmailValidator","version":"dev-66-custom-errors","version_normalized":"dev-66-custom-errors","license":["MIT"],"authors":[{"name":"Eduardo Gulias Davis"}],"source":{"type":"git","url":"https://github.com/egulias/EmailValidator.git","reference":"861ed63475fde6c77fd2fa681c7f72dc6b755321"},"dist":{"type":"zip","url":"https://api.github.com/repos/egulias/EmailValidator/zipball/861ed63475fde6c77fd2fa681c7f72dc6b755321","reference":"861ed63475fde6c77fd2fa681c7f72dc6b755321","shasum":""},"type":"library","time":"2016-04-28T22:56:25+00:00","autoload":{"psr-0":{"Egulias\\":"src/"}},"extra":{"branch-alias":{"dev-master":"2.0.x-dev"}},"require":{"php":">= 5.5","doctrine/lexer":"~1.0,>=1.0.1"},"require-dev":{"satooshi/php-coveralls":"dev-master","phpunit/phpunit":"~4.4"},"uid":548418},"dev-LeShadow-master":{"name":"egulias/email-validator","description":"A library for validating emails against several RFCs","keywords":["email","validator","validation","emailvalidation","emailvalidator"],"homepage":"https://github.com/egulias/EmailValidator","version":"dev-LeShadow-master","version_normalized":"dev-LeShadow-master","license":["MIT"],"authors":[{"name":"Eduardo Gulias Davis"}],"source":{"type":"git","url":"https://github.com/egulias/EmailValidator.git","reference":"8599fdc54061b9397adf1c86d77da353f9c10879"},"dist":{"type":"zip","url":"https://api.github.com/repos/egulias/EmailValidator/zipball/8599fdc54061b9397adf1c86d77da353f9c10879","reference":"8599fdc54061b9397adf1c86d77da353f9c10879","shasum":""},"type":"library","time":"2017-01-30T22:03:06+00:00","autoload":{"psr-4":{"Egulias\\EmailValidator\\":"EmailValidator"}},"extra":{"branch-alias":{"dev-master":"2.0.x-dev"}},"require":{"php":">= 5.5","doctrine/lexer":"^1.0.1"},"require-dev":{"satooshi/php-coveralls":"dev-master","phpunit/phpunit":"^4.8.0","dominicsayers/isemail":"dev-master"},"suggest":{"ext-intl":"PHP Internationalization Libraries are required to use the SpoofChecking validation"},"uid":1203840},"dev-cyrillic_email":{"name":"egulias/email-validator","description":"A library for validating emails against several RFCs","keywords":["email","validator","validation","emailvalidation","emailvalidator"],"homepage":"https://github.com/egulias/EmailValidator","version":"dev-cyrillic_email","version_normalized":"dev-cyrillic_email","license":["MIT"],"authors":[{"name":"Eduardo Gulias Davis"}],"source":{"type":"git","url":"https://github.com/egulias/EmailValidator.git","reference":"500a2207ff04703c9e55801238d71702bb1ae23d"},"dist":{"type":"zip","url":"https://api.github.com/repos/egulias/EmailValidator/zipball/500a2207ff04703c9e55801238d71702bb1ae23d","reference":"500a2207ff04703c9e55801238d71702bb1ae23d","shasum":""},"type":"library","time":"2016-05-15T09:59:26+00:00","autoload":{"psr-4":{"Egulias\\EmailValidator\\":"EmailValidator"}},"extra":{"branch-alias":{"dev-master":"2.0.x-dev"}},"require":{"php":">= 5.5","doctrine/lexer":"^1.0.1"},"require-dev":{"satooshi/php-coveralls":"dev-master","phpunit/phpunit":"^4.8.0","dominicsayers/isemail":"dev-master"},"uid":821457},"dev-domain_back_slash":{"name":"egulias/email-validator","description":"A library for validating emails against several RFCs","keywords":["email","validator","validation","emailvalidation","emailvalidator"],"homepage":"https://github.com/egulias/EmailValidator","version":"dev-domain_back_slash","version_normalized":"dev-domain_back_slash","license":["MIT"],"authors":[{"name":"Eduardo Gulias Davis"}],"source":{"type":"git","url":"https://github.com/egulias/EmailValidator.git","reference":"4d4d5c1161522aaec2389b387cbb2e6d6d26ecd7"},"dist":{"type":"zip","url":"https://api.github.com/repos/egulias/EmailValidator/zipball/4d4d5c1161522aaec2389b387cbb2e6d6d26ecd7","reference":"4d4d5c1161522aaec2389b387cbb2e6d6d26ecd7","shasum":""},"type":"library","time":"2016-05-15T09:51:57+00:00","autoload":{"psr-4":{"Egulias\\EmailValidator\\":"EmailValidator"}},"extra":{"branch-alias":{"dev-master":"2.0.x-dev"}},"require":{"php":">= 5.5","doctrine/lexer":"^1.0.1"},"require-dev":{"satooshi/php-coveralls":"dev-master","dominicsayers/isemail":"dev-master","phpunit/phpunit":"^4.8.0"},"uid":814831},"dev-invalid_domains_and_backslash":{"name":"egulias/email-validator","description":"A library for validating emails","keywords":["email","validator","validation","emailvalidation","emailvalidator"],"homepage":"https://github.com/egulias/EmailValidator","version":"dev-invalid_domains_and_backslash","version_normalized":"dev-invalid_domains_and_backslash","license":["MIT"],"authors":[{"name":"Eduardo Gulias Davis"}],"source":{"type":"git","url":"https://github.com/egulias/EmailValidator.git","reference":"4553af8db54a7ae9e390d56a7d4406f445e46b08"},"dist":{"type":"zip","url":"https://api.github.com/repos/egulias/EmailValidator/zipball/4553af8db54a7ae9e390d56a7d4406f445e46b08","reference":"4553af8db54a7ae9e390d56a7d4406f445e46b08","shasum":""},"type":"library","time":"2016-05-14T23:05:59+00:00","autoload":{"psr-0":{"Egulias\\":"src/"}},"extra":{"branch-alias":{"dev-master":"2.0.x-dev"}},"require":{"php":">= 5.3.3","doctrine/lexer":"1.0.1"},"require-dev":{"phpunit/phpunit":"4.8.24"},"uid":814835},"dev-master":{"name":"egulias/email-validator","description":"A library for validating emails against several RFCs","keywords":["email","validator","validation","emailvalidation","emailvalidator"],"homepage":"https://github.com/egulias/EmailValidator","version":"dev-master","version_normalized":"9999999-dev","license":["MIT"],"authors":[{"name":"Eduardo Gulias Davis"}],"source":{"type":"git","url":"https://github.com/egulias/EmailValidator.git","reference":"0578b32b30b22de3e8664f797cf846fc9246f786"},"dist":{"type":"zip","url":"https://api.github.com/repos/egulias/EmailValidator/zipball/0578b32b30b22de3e8664f797cf846fc9246f786","reference":"0578b32b30b22de3e8664f797cf846fc9246f786","shasum":""},"type":"library","time":"2018-09-25T20:47:26+00:00","autoload":{"psr-4":{"Egulias\\EmailValidator\\":"EmailValidator"}},"extra":{"branch-alias":{"dev-master":"2.0.x-dev"}},"require":{"php":">= 5.5","doctrine/lexer":"^1.0.1"},"require-dev":{"dominicsayers/isemail":"dev-master","satooshi/php-coveralls":"^1.0.1","phpunit/phpunit":"^4.8.35||^5.7||^6.0"},"suggest":{"ext-intl":"PHP Internationalization Libraries are required to use the SpoofChecking validation"},"uid":56324},"dev-moving_tests_around":{"name":"egulias/email-validator","description":"A library for validating emails against several RFCs","keywords":["email","validator","validation","emailvalidation","emailvalidator"],"homepage":"https://github.com/egulias/EmailValidator","version":"dev-moving_tests_around","version_normalized":"dev-moving_tests_around","license":["MIT"],"authors":[{"name":"Eduardo Gulias Davis"}],"source":{"type":"git","url":"https://github.com/egulias/EmailValidator.git","reference":"3795524f5964988c2da6cc1d6204becb0bf9cd16"},"dist":{"type":"zip","url":"https://api.github.com/repos/egulias/EmailValidator/zipball/3795524f5964988c2da6cc1d6204becb0bf9cd16","reference":"3795524f5964988c2da6cc1d6204becb0bf9cd16","shasum":""},"type":"library","time":"2016-05-15T09:41:14+00:00","autoload":{"psr-4":{"Egulias\\EmailValidator\\":"EmailValidator"}},"extra":{"branch-alias":{"dev-master":"2.0.x-dev"}},"require":{"php":">= 5.5","doctrine/lexer":"^1.0.1"},"require-dev":{"satooshi/php-coveralls":"dev-master","dominicsayers/isemail":"dev-master","phpunit/phpunit":"^4.8.0"},"uid":813255},"dev-readme-updates-for-v2":{"name":"egulias/email-validator","description":"A library for validating emails","keywords":["email","validator","validation","emailvalidation","emailvalidator"],"homepage":"https://github.com/egulias/EmailValidator","version":"dev-readme-updates-for-v2","version_normalized":"dev-readme-updates-for-v2","license":["MIT"],"authors":[{"name":"Eduardo Gulias Davis"}],"source":{"type":"git","url":"https://github.com/egulias/EmailValidator.git","reference":"91cc77e3d81280c074151af13ee725beb8a57b0b"},"dist":{"type":"zip","url":"https://api.github.com/repos/egulias/EmailValidator/zipball/91cc77e3d81280c074151af13ee725beb8a57b0b","reference":"91cc77e3d81280c074151af13ee725beb8a57b0b","shasum":""},"type":"library","time":"2016-05-09T22:54:50+00:00","autoload":{"psr-0":{"Egulias\\":"src/"}},"extra":{"branch-alias":{"dev-master":"2.0.x-dev"}},"require":{"php":">= 5.3.3","doctrine/lexer":"~1.0,>=1.0.1"},"require-dev":{"satooshi/php-coveralls":"dev-master","phpunit/phpunit":"~4.4"},"uid":813269},"dev-v2-readme-changes":{"name":"egulias/email-validator","description":"A library for validating emails","keywords":["email","validator","validation","emailvalidation","emailvalidator"],"homepage":"https://github.com/egulias/EmailValidator","version":"dev-v2-readme-changes","version_normalized":"dev-v2-readme-changes","license":["MIT"],"authors":[{"name":"Eduardo Gulias Davis"}],"source":{"type":"git","url":"https://github.com/egulias/EmailValidator.git","reference":"ad33516079297689cd9226fe6dcf2739756cd0aa"},"dist":{"type":"zip","url":"https://api.github.com/repos/egulias/EmailValidator/zipball/ad33516079297689cd9226fe6dcf2739756cd0aa","reference":"ad33516079297689cd9226fe6dcf2739756cd0aa","shasum":""},"type":"library","time":"2016-05-09T23:00:32+00:00","autoload":{"psr-4":{"Egulias\\EmailValidator\\":"EmailValidator"}},"extra":{"branch-alias":{"dev-master":"2.0.x-dev"}},"require":{"php":">= 5.5","doctrine/lexer":"~1.0,>=1.0.1"},"require-dev":{"satooshi/php-coveralls":"dev-master","phpunit/phpunit":"~4.4"},"uid":813277}}}}